snr,object_side_size,trial,environment_transformation,object_transformation,transformation_inferred,agents_action,mu_env,sigma_env,mu_obj,saliency
0,0,0,2,-1,1,0,,,141.48,
0,0,1,4,-1,0,4,,,141.48,
0,0,2,4,-1,4,3,,,141.48,
0,0,3,3,-1,0,4,,,141.48,
0,0,4,1,-1,1,1,,,141.48,
0,0,5,3,-1,1,0,,,141.48,
0,0,6,0,-1,4,0,,,141.48,
0,0,7,0,-1,3,2,,,141.48,
0,0,8,3,-1,4,1,,,141.48,
0,0,9,4,-1,4,0,,,141.48,
0,0,10,0,-1,0,3,,,141.48,
0,0,11,0,-1,0,2,,,141.48,
0,0,12,2,-1,0,1,,,141.48,
0,0,13,3,-1,0,2,,,141.48,
0,0,14,4,-1,1,3,,,141.48,
0,0,15,1,-1,4,2,,,141.48,
0,0,16,3,-1,4,2,,,141.48,
0,0,17,4,-1,3,2,,,141.48,
0,0,18,4,-1,4,2,,,141.48,
0,0,19,0,-1,4,3,,,141.48,
0,0,20,3,-1,1,4,,,141.48,
0,0,21,4,-1,3,2,,,141.48,
0,0,22,2,-1,4,4,,,141.48,
0,0,23,2,-1,3,3,,,141.48,
0,0,24,2,-1,0,4,,,141.48,
0,0,25,4,-1,0,2,,,141.48,
0,0,26,1,-1,4,0,,,141.48,
0,0,27,0,-1,4,1,,,141.48,
0,0,28,3,-1,3,1,,,141.48,
0,0,29,4,-1,1,3,,,141.48,
0,0,30,0,-1,3,2,,,141.48,
0,0,31,3,-1,0,4,,,141.48,
0,0,32,1,-1,2,0,,,141.48,
0,0,33,4,-1,4,4,,,141.48,
0,0,34,3,-1,2,0,,,141.48,
0,0,35,1,-1,3,3,,,141.48,
0,0,36,3,-1,1,1,,,141.48,
0,0,37,0,-1,1,0,,,141.48,
0,0,38,3,-1,3,2,,,141.48,
0,0,39,1,-1,4,1,,,141.48,
0,0,40,0,-1,3,4,,,141.48,
0,0,41,3,-1,2,3,,,141.48,
0,0,42,2,-1,2,4,,,141.48,
0,0,43,2,-1,3,4,,,141.48,
0,0,44,0,-1,4,1,,,141.48,
0,0,45,1,-1,1,4,,,141.48,
0,0,46,4,-1,1,2,,,141.48,
0,0,47,3,-1,0,3,,,141.48,
0,0,48,0,-1,4,0,,,141.48,
0,0,49,3,-1,1,1,,,141.48,
0,0,50,1,-1,4,4,,,141.48,
0,0,51,3,-1,4,0,,,141.48,
0,0,52,2,-1,1,1,,,141.48,
0,0,53,2,-1,4,2,,,141.48,
0,0,54,4,-1,4,0,,,141.48,
0,0,55,4,-1,3,4,,,141.48,
0,0,56,4,-1,4,1,,,141.48,
0,0,57,4,-1,1,1,,,141.48,
0,0,58,1,-1,2,1,,,141.48,
0,0,59,1,-1,3,2,,,141.48,
0,0,60,0,-1,2,0,,,141.48,
0,0,61,2,-1,4,2,,,141.48,
0,0,62,0,-1,2,2,,,141.48,
0,0,63,2,-1,0,0,,,141.48,
0,0,64,1,-1,4,3,,,141.48,
0,0,65,2,-1,0,1,,,141.48,
0,0,66,4,-1,4,4,,,141.48,
0,0,67,0,-1,0,2,,,141.48,
0,0,68,4,-1,2,0,,,141.48,
0,0,69,3,-1,2,0,,,141.48,
0,0,70,3,-1,0,4,,,141.48,
0,0,71,0,-1,2,2,,,141.48,
0,0,72,3,-1,1,4,,,141.48,
0,0,73,2,-1,3,2,,,141.48,
0,0,74,2,-1,3,1,,,141.48,
0,0,75,3,-1,2,0,,,141.48,
0,0,76,0,-1,4,3,,,141.48,
0,0,77,0,-1,0,2,,,141.48,
0,0,78,2,-1,1,0,,,141.48,
0,0,79,1,-1,3,3,,,141.48,
0,0,80,0,-1,3,4,,,141.48,
0,0,81,2,-1,2,3,,,141.48,
0,0,82,2,-1,0,3,,,141.48,
0,0,83,1,-1,1,4,,,141.48,
0,0,84,0,-1,3,0,,,141.48,
0,0,85,4,-1,3,4,,,141.48,
0,0,86,3,-1,4,3,,,141.48,
0,0,87,2,-1,1,3,,,141.48,
0,0,88,2,-1,1,0,,,141.48,
0,0,89,0,-1,0,2,,,141.48,
0,0,90,1,-1,3,0,,,141.48,
0,0,91,4,-1,0,1,,,141.48,
0,0,92,0,-1,4,4,,,141.48,
0,0,93,2,-1,0,1,,,141.48,
0,0,94,4,-1,3,2,,,141.48,
0,0,95,2,-1,2,3,,,141.48,
0,0,96,3,-1,0,1,,,141.48,
0,0,97,4,-1,4,4,,,141.48,
0,0,98,2,-1,2,0,,,141.48,
0,0,99,4,-1,3,3,,,141.48,
0,1,0,1,4,1,2,,,141.48,
0,1,1,3,2,3,4,,,141.48,
0,1,2,2,4,4,3,,,141.48,
0,1,3,0,0,2,0,,,141.48,
0,1,4,3,3,1,2,,,141.48,
0,1,5,2,4,2,2,,,141.48,
0,1,6,1,3,0,1,,,141.48,
0,1,7,2,3,4,0,,,141.48,
0,1,8,1,1,3,1,,,141.48,
0,1,9,0,3,3,4,,,141.48,
0,1,10,0,4,2,0,,,141.48,
0,1,11,3,4,3,3,,,141.48,
0,1,12,1,3,1,0,,,141.48,
0,1,13,0,4,0,2,,,141.48,
0,1,14,0,3,3,1,,,141.48,
0,1,15,3,2,2,2,,,141.48,
0,1,16,1,3,2,0,,,141.48,
0,1,17,4,0,3,0,,,141.48,
0,1,18,4,1,2,4,,,141.48,
0,1,19,2,0,0,4,,,141.48,
0,1,20,3,3,4,3,,,141.48,
0,1,21,0,1,3,3,,,141.48,
0,1,22,1,0,1,3,,,141.48,
0,1,23,2,4,4,0,,,141.48,
0,1,24,2,0,2,2,,,141.48,
0,1,25,4,4,0,3,,,141.48,
0,1,26,4,4,4,4,,,141.48,
0,1,27,1,3,4,3,,,141.48,
0,1,28,2,2,2,3,,,141.48,
0,1,29,2,0,2,3,,,141.48,
0,1,30,4,2,4,1,,,141.48,
0,1,31,3,4,3,1,,,141.48,
0,1,32,4,2,2,1,,,141.48,
0,1,33,0,4,2,4,,,141.48,
0,1,34,2,0,4,0,,,141.48,
0,1,35,3,2,3,3,,,141.48,
0,1,36,3,2,0,3,,,141.48,
0,1,37,2,4,4,3,,,141.48,
0,1,38,0,0,4,3,,,141.48,
0,1,39,1,4,0,2,,,141.48,
0,1,40,2,3,1,2,,,141.48,
0,1,41,3,2,4,3,,,141.48,
0,1,42,4,0,3,4,,,141.48,
0,1,43,0,0,0,4,,,141.48,
0,1,44,0,2,1,4,,,141.48,
0,1,45,0,2,2,0,,,141.48,
0,1,46,2,4,0,4,,,141.48,
0,1,47,2,3,4,2,,,141.48,
0,1,48,3,4,2,2,,,141.48,
0,1,49,2,1,4,4,,,141.48,
0,1,50,2,4,4,3,,,141.48,
0,1,51,0,3,2,1,,,141.48,
0,1,52,0,3,4,3,,,141.48,
0,1,53,4,0,1,0,,,141.48,
0,1,54,2,1,2,2,,,141.48,
0,1,55,4,3,0,3,,,141.48,
0,1,56,0,4,3,1,,,141.48,
0,1,57,2,3,0,4,,,141.48,
0,1,58,0,3,0,1,,,141.48,
0,1,59,2,1,4,4,,,141.48,
0,1,60,1,1,2,0,,,141.48,
0,1,61,2,4,1,4,,,141.48,
0,1,62,1,1,3,1,,,141.48,
0,1,63,0,1,4,1,,,141.48,
0,1,64,2,2,1,1,,,141.48,
0,1,65,0,3,3,1,,,141.48,
0,1,66,3,0,0,0,,,141.48,
0,1,67,2,3,1,1,,,141.48,
0,1,68,4,1,1,2,,,141.48,
0,1,69,1,2,4,0,,,141.48,
0,1,70,0,3,0,3,,,141.48,
0,1,71,1,3,4,0,,,141.48,
0,1,72,4,0,2,2,,,141.48,
0,1,73,3,2,3,4,,,141.48,
0,1,74,0,0,1,1,,,141.48,
0,1,75,4,4,4,4,,,141.48,
0,1,76,3,3,0,4,,,141.48,
0,1,77,2,2,4,3,,,141.48,
0,1,78,3,2,3,1,,,141.48,
0,1,79,4,0,3,1,,,141.48,
0,1,80,4,2,0,4,,,141.48,
0,1,81,1,2,1,0,,,141.48,
0,1,82,2,2,3,4,,,141.48,
0,1,83,1,4,3,3,,,141.48,
0,1,84,4,2,4,4,,,141.48,
0,1,85,3,3,0,0,,,141.48,
0,1,86,0,2,1,4,,,141.48,
0,1,87,1,3,0,3,,,141.48,
0,1,88,1,4,4,4,,,141.48,
0,1,89,2,0,3,3,,,141.48,
0,1,90,2,3,4,2,,,141.48,
0,1,91,4,2,3,3,,,141.48,
0,1,92,3,1,1,3,,,141.48,
0,1,93,4,0,2,1,,,141.48,
0,1,94,2,0,3,1,,,141.48,
0,1,95,4,4,3,4,,,141.48,
0,1,96,3,3,4,2,,,141.48,
0,1,97,2,1,4,3,,,141.48,
0,1,98,4,3,3,3,,,141.48,
0,1,99,4,0,2,3,,,141.48,
0,2,0,4,4,3,3,,,141.48,
0,2,1,3,4,1,3,,,141.48,
0,2,2,1,0,3,1,,,141.48,
0,2,3,2,4,1,4,,,141.48,
0,2,4,2,1,3,3,,,141.48,
0,2,5,2,3,4,3,,,141.48,
0,2,6,4,2,0,4,,,141.48,
0,2,7,2,4,4,0,,,141.48,
0,2,8,2,3,3,1,,,141.48,
0,2,9,0,2,0,0,,,141.48,
0,2,10,1,1,0,4,,,141.48,
0,2,11,0,1,2,0,,,141.48,
0,2,12,0,3,4,4,,,141.48,
0,2,13,1,3,3,3,,,141.48,
0,2,14,1,1,4,2,,,141.48,
0,2,15,2,3,3,0,,,141.48,
0,2,16,1,4,3,3,,,141.48,
0,2,17,4,2,2,0,,,141.48,
0,2,18,2,3,3,4,,,141.48,
0,2,19,0,1,4,2,,,141.48,
0,2,20,4,2,3,0,,,141.48,
0,2,21,2,3,1,4,,,141.48,
0,2,22,4,2,4,1,,,141.48,
0,2,23,2,2,0,1,,,141.48,
0,2,24,1,2,1,1,,,141.48,
0,2,25,1,4,0,1,,,141.48,
0,2,26,4,4,1,1,,,141.48,
0,2,27,1,2,4,1,,,141.48,
0,2,28,3,1,3,1,,,141.48,
0,2,29,2,0,0,3,,,141.48,
0,2,30,1,2,4,3,,,141.48,
0,2,31,4,0,4,3,,,141.48,
0,2,32,1,1,1,0,,,141.48,
0,2,33,0,4,1,4,,,141.48,
0,2,34,4,0,4,1,,,141.48,
0,2,35,1,1,2,0,,,141.48,
0,2,36,2,2,2,2,,,141.48,
0,2,37,1,1,4,4,,,141.48,
0,2,38,0,2,3,0,,,141.48,
0,2,39,3,3,0,4,,,141.48,
0,2,40,4,3,1,3,,,141.48,
0,2,41,2,1,2,0,,,141.48,
0,2,42,3,4,4,3,,,141.48,
0,2,43,3,1,4,3,,,141.48,
0,2,44,2,2,3,3,,,141.48,
0,2,45,3,2,4,0,,,141.48,
0,2,46,3,3,3,4,,,141.48,
0,2,47,2,4,1,3,,,141.48,
0,2,48,4,3,1,3,,,141.48,
0,2,49,4,3,3,2,,,141.48,
0,2,50,1,0,1,2,,,141.48,
0,2,51,4,3,2,0,,,141.48,
0,2,52,1,4,2,4,,,141.48,
0,2,53,2,1,3,0,,,141.48,
0,2,54,2,2,1,2,,,141.48,
0,2,55,1,0,4,2,,,141.48,
0,2,56,0,2,2,0,,,141.48,
0,2,57,2,0,1,3,,,141.48,
0,2,58,2,0,1,1,,,141.48,
0,2,59,0,0,1,2,,,141.48,
0,2,60,3,3,4,1,,,141.48,
0,2,61,3,0,4,2,,,141.48,
0,2,62,3,3,3,4,,,141.48,
0,2,63,1,0,2,2,,,141.48,
0,2,64,4,3,4,2,,,141.48,
0,2,65,0,3,2,2,,,141.48,
0,2,66,3,3,3,2,,,141.48,
0,2,67,2,2,0,3,,,141.48,
0,2,68,3,0,1,3,,,141.48,
0,2,69,0,2,2,4,,,141.48,
0,2,70,1,0,2,3,,,141.48,
0,2,71,3,2,2,3,,,141.48,
0,2,72,0,0,3,1,,,141.48,
0,2,73,4,4,1,0,,,141.48,
0,2,74,2,0,4,3,,,141.48,
0,2,75,1,0,1,3,,,141.48,
0,2,76,2,1,3,3,,,141.48,
0,2,77,3,2,0,3,,,141.48,
0,2,78,4,1,0,4,,,141.48,
0,2,79,2,0,0,3,,,141.48,
0,2,80,3,1,4,0,,,141.48,
0,2,81,0,4,2,0,,,141.48,
0,2,82,1,1,3,2,,,141.48,
0,2,83,1,2,4,3,,,141.48,
0,2,84,1,2,4,1,,,141.48,
0,2,85,1,4,4,1,,,141.48,
0,2,86,3,3,2,2,,,141.48,
0,2,87,2,0,2,4,,,141.48,
0,2,88,1,3,2,2,,,141.48,
0,2,89,4,0,0,4,,,141.48,
0,2,90,3,1,1,0,,,141.48,
0,2,91,0,1,2,3,,,141.48,
0,2,92,2,3,0,3,,,141.48,
0,2,93,3,4,1,3,,,141.48,
0,2,94,1,1,4,3,,,141.48,
0,2,95,1,3,0,2,,,141.48,
0,2,96,3,4,0,3,,,141.48,
0,2,97,1,1,0,4,,,141.48,
0,2,98,1,0,0,4,,,141.48,
0,2,99,3,0,4,2,,,141.48,
0,3,0,2,4,2,3,,,141.48,
0,3,1,2,1,0,4,,,141.48,
0,3,2,0,3,3,1,,,141.48,
0,3,3,2,2,2,1,,,141.48,
0,3,4,4,0,0,3,,,141.48,
0,3,5,4,2,3,0,,,141.48,
0,3,6,3,2,2,3,,,141.48,
0,3,7,2,3,3,0,,,141.48,
0,3,8,1,0,0,3,,,141.48,
0,3,9,4,3,3,2,,,141.48,
0,3,10,1,1,1,2,,,141.48,
0,3,11,0,4,0,4,,,141.48,
0,3,12,0,2,2,0,,,141.48,
0,3,13,3,0,1,1,,,141.48,
0,3,14,3,3,3,4,,,141.48,
0,3,15,0,2,3,1,,,141.48,
0,3,16,0,4,4,3,,,141.48,
0,3,17,0,3,1,1,,,141.48,
0,3,18,3,0,0,2,,,141.48,
0,3,19,3,4,4,3,,,141.48,
0,3,20,2,4,0,0,,,141.48,
0,3,21,2,0,3,0,,,141.48,
0,3,22,0,2,3,4,,,141.48,
0,3,23,3,4,2,4,,,141.48,
0,3,24,2,4,4,2,,,141.48,
0,3,25,2,2,4,4,,,141.48,
0,3,26,3,1,1,4,,,141.48,
0,3,27,2,1,2,3,,,141.48,
0,3,28,3,1,0,2,,,141.48,
0,3,29,3,3,0,0,,,141.48,
0,3,30,1,4,0,4,,,141.48,
0,3,31,4,4,2,2,,,141.48,
0,3,32,0,0,1,1,,,141.48,
0,3,33,2,4,2,2,,,141.48,
0,3,34,4,3,1,1,,,141.48,
0,3,35,4,2,2,3,,,141.48,
0,3,36,3,3,0,0,,,141.48,
0,3,37,2,2,3,3,,,141.48,
0,3,38,4,0,2,4,,,141.48,
0,3,39,4,2,2,1,,,141.48,
0,3,40,3,2,2,0,,,141.48,
0,3,41,1,0,3,1,,,141.48,
0,3,42,0,3,4,4,,,141.48,
0,3,43,4,4,4,0,,,141.48,
0,3,44,3,2,3,1,,,141.48,
0,3,45,1,2,2,1,,,141.48,
0,3,46,2,3,3,1,,,141.48,
0,3,47,4,2,2,0,,,141.48,
0,3,48,1,4,4,0,,,141.48,
0,3,49,1,1,0,1,,,141.48,
0,3,50,0,4,0,0,,,141.48,
0,3,51,1,2,4,0,,,141.48,
0,3,52,0,0,0,0,,,141.48,
0,3,53,2,1,1,1,,,141.48,
0,3,54,2,1,1,4,,,141.48,
0,3,55,0,4,4,2,,,141.48,
0,3,56,0,3,3,4,,,141.48,
0,3,57,2,1,2,3,,,141.48,
0,3,58,2,3,1,1,,,141.48,
0,3,59,4,0,0,0,,,141.48,
0,3,60,3,3,3,3,,,141.48,
0,3,61,3,3,4,1,,,141.48,
0,3,62,2,1,1,3,,,141.48,
0,3,63,0,0,4,4,,,141.48,
0,3,64,2,0,0,3,,,141.48,
0,3,65,1,1,4,2,,,141.48,
0,3,66,2,4,1,0,,,141.48,
0,3,67,3,2,1,3,,,141.48,
0,3,68,2,4,4,2,,,141.48,
0,3,69,1,3,4,0,,,141.48,
0,3,70,1,3,0,3,,,141.48,
0,3,71,2,0,3,2,,,141.48,
0,3,72,0,0,4,2,,,141.48,
0,3,73,2,4,4,4,,,141.48,
0,3,74,4,3,3,4,,,141.48,
0,3,75,1,3,3,1,,,141.48,
0,3,76,2,4,0,4,,,141.48,
0,3,77,3,0,4,3,,,141.48,
0,3,78,0,3,1,1,,,141.48,
0,3,79,2,4,2,3,,,141.48,
0,3,80,4,3,3,4,,,141.48,
0,3,81,2,0,1,4,,,141.48,
0,3,82,2,3,3,3,,,141.48,
0,3,83,4,1,4,3,,,141.48,
0,3,84,3,4,3,4,,,141.48,
0,3,85,2,3,3,4,,,141.48,
0,3,86,3,3,0,0,,,141.48,
0,3,87,2,4,0,2,,,141.48,
0,3,88,3,1,4,1,,,141.48,
0,3,89,3,1,4,0,,,141.48,
0,3,90,1,3,0,3,,,141.48,
0,3,91,4,0,2,2,,,141.48,
0,3,92,0,2,4,4,,,141.48,
0,3,93,2,4,1,2,,,141.48,
0,3,94,2,2,2,1,,,141.48,
0,3,95,4,3,0,0,,,141.48,
0,3,96,1,0,0,0,,,141.48,
0,3,97,0,4,4,3,,,141.48,
0,3,98,3,0,0,4,,,141.48,
0,3,99,4,0,0,0,,,141.48,
0,4,0,4,2,2,3,,,141.48,
0,4,1,4,0,2,1,,,141.48,
0,4,2,4,1,1,4,,,141.48,
0,4,3,4,2,2,1,,,141.48,
0,4,4,3,0,0,0,,,141.48,
0,4,5,3,2,4,0,,,141.48,
0,4,6,0,2,1,3,,,141.48,
0,4,7,1,0,3,2,,,141.48,
0,4,8,1,0,4,3,,,141.48,
0,4,9,4,3,3,2,,,141.48,
0,4,10,3,3,2,3,,,141.48,
0,4,11,1,0,1,1,,,141.48,
0,4,12,1,2,4,1,,,141.48,
0,4,13,2,0,2,3,,,141.48,
0,4,14,3,1,3,4,,,141.48,
0,4,15,1,3,3,1,,,141.48,
0,4,16,2,3,3,0,,,141.48,
0,4,17,1,1,1,4,,,141.48,
0,4,18,0,4,3,3,,,141.48,
0,4,19,3,0,0,4,,,141.48,
0,4,20,4,4,1,0,,,141.48,
0,4,21,4,4,1,4,,,141.48,
0,4,22,0,1,1,3,,,141.48,
0,4,23,1,0,3,4,,,141.48,
0,4,24,1,4,4,3,,,141.48,
0,4,25,3,1,2,4,,,141.48,
0,4,26,2,3,1,3,,,141.48,
0,4,27,3,1,1,1,,,141.48,
0,4,28,3,1,1,1,,,141.48,
0,4,29,4,0,0,4,,,141.48,
0,4,30,3,4,1,1,,,141.48,
0,4,31,2,2,2,3,,,141.48,
0,4,32,3,2,3,2,,,141.48,
0,4,33,2,1,3,1,,,141.48,
0,4,34,3,3,3,4,,,141.48,
0,4,35,4,1,0,0,,,141.48,
0,4,36,2,1,1,4,,,141.48,
0,4,37,1,2,0,2,,,141.48,
0,4,38,3,4,4,0,,,141.48,
0,4,39,0,2,0,1,,,141.48,
0,4,40,1,1,1,1,,,141.48,
0,4,41,1,4,3,3,,,141.48,
0,4,42,1,2,2,1,,,141.48,
0,4,43,2,1,1,0,,,141.48,
0,4,44,3,1,1,0,,,141.48,
0,4,45,3,2,4,0,,,141.48,
0,4,46,0,1,1,3,,,141.48,
0,4,47,4,0,0,3,,,141.48,
0,4,48,1,1,1,4,,,141.48,
0,4,49,3,1,2,0,,,141.48,
0,4,50,1,4,1,3,,,141.48,
0,4,51,1,1,1,3,,,141.48,
0,4,52,3,2,0,2,,,141.48,
0,4,53,1,1,2,0,,,141.48,
0,4,54,1,4,3,2,,,141.48,
0,4,55,4,4,4,3,,,141.48,
0,4,56,3,2,2,2,,,141.48,
0,4,57,1,2,0,4,,,141.48,
0,4,58,4,1,2,3,,,141.48,
0,4,59,0,0,0,2,,,141.48,
0,4,60,1,1,1,3,,,141.48,
0,4,61,4,0,0,4,,,141.48,
0,4,62,1,0,3,2,,,141.48,
0,4,63,0,0,0,3,,,141.48,
0,4,64,3,0,1,3,,,141.48,
0,4,65,4,1,1,2,,,141.48,
0,4,66,0,1,1,4,,,141.48,
0,4,67,2,1,1,0,,,141.48,
0,4,68,0,3,0,2,,,141.48,
0,4,69,3,1,1,1,,,141.48,
0,4,70,1,2,2,2,,,141.48,
0,4,71,3,3,0,1,,,141.48,
0,4,72,0,0,0,0,,,141.48,
0,4,73,3,1,1,1,,,141.48,
0,4,74,2,3,3,4,,,141.48,
0,4,75,4,3,3,1,,,141.48,
0,4,76,1,4,2,1,,,141.48,
0,4,77,4,0,2,2,,,141.48,
0,4,78,0,2,4,3,,,141.48,
0,4,79,4,1,1,4,,,141.48,
0,4,80,1,2,3,1,,,141.48,
0,4,81,4,0,4,1,,,141.48,
0,4,82,0,0,0,1,,,141.48,
0,4,83,3,3,2,2,,,141.48,
0,4,84,4,3,3,0,,,141.48,
0,4,85,1,3,3,4,,,141.48,
0,4,86,2,4,0,0,,,141.48,
0,4,87,4,3,3,3,,,141.48,
0,4,88,1,3,2,2,,,141.48,
0,4,89,3,4,4,3,,,141.48,
0,4,90,1,4,4,2,,,141.48,
0,4,91,2,2,2,2,,,141.48,
0,4,92,1,0,3,0,,,141.48,
0,4,93,2,0,0,4,,,141.48,
0,4,94,2,4,1,3,,,141.48,
0,4,95,3,2,2,2,,,141.48,
0,4,96,1,3,4,0,,,141.48,
0,4,97,0,1,1,4,,,141.48,
0,4,98,2,4,4,3,,,141.48,
0,4,99,2,0,4,4,,,141.48,
0,5,0,4,1,3,1,,,141.48,
0,5,1,3,0,0,3,,,141.48,
0,5,2,0,0,4,1,,,141.48,
0,5,3,0,4,2,0,,,141.48,
0,5,4,3,4,4,3,,,141.48,
0,5,5,2,1,3,2,,,141.48,
0,5,6,3,3,3,4,,,141.48,
0,5,7,3,4,4,4,,,141.48,
0,5,8,0,2,2,4,,,141.48,
0,5,9,2,3,3,1,,,141.48,
0,5,10,3,3,3,3,,,141.48,
0,5,11,0,3,4,1,,,141.48,
0,5,12,2,3,0,4,,,141.48,
0,5,13,2,2,2,4,,,141.48,
0,5,14,4,4,4,4,,,141.48,
0,5,15,1,2,4,1,,,141.48,
0,5,16,0,3,3,3,,,141.48,
0,5,17,2,4,2,4,,,141.48,
0,5,18,3,3,3,0,,,141.48,
0,5,19,1,1,3,0,,,141.48,
0,5,20,3,1,0,1,,,141.48,
0,5,21,3,2,1,4,,,141.48,
0,5,22,0,2,1,4,,,141.48,
0,5,23,3,0,4,1,,,141.48,
0,5,24,4,1,1,0,,,141.48,
0,5,25,2,3,1,0,,,141.48,
0,5,26,4,2,4,4,,,141.48,
0,5,27,0,2,1,1,,,141.48,
0,5,28,0,0,0,2,,,141.48,
0,5,29,4,4,4,0,,,141.48,
0,5,30,4,1,4,1,,,141.48,
0,5,31,3,4,4,4,,,141.48,
0,5,32,3,4,1,0,,,141.48,
0,5,33,0,3,3,3,,,141.48,
0,5,34,2,2,2,2,,,141.48,
0,5,35,1,0,0,4,,,141.48,
0,5,36,4,0,0,0,,,141.48,
0,5,37,4,0,4,0,,,141.48,
0,5,38,3,1,1,3,,,141.48,
0,5,39,4,0,3,0,,,141.48,
0,5,40,4,3,0,1,,,141.48,
0,5,41,4,4,3,4,,,141.48,
0,5,42,1,0,0,4,,,141.48,
0,5,43,1,0,0,3,,,141.48,
0,5,44,0,4,4,2,,,141.48,
0,5,45,2,3,3,3,,,141.48,
0,5,46,4,4,4,0,,,141.48,
0,5,47,0,2,0,0,,,141.48,
0,5,48,0,0,1,3,,,141.48,
0,5,49,3,2,2,4,,,141.48,
0,5,50,1,2,1,1,,,141.48,
0,5,51,1,4,2,2,,,141.48,
0,5,52,0,1,3,2,,,141.48,
0,5,53,1,2,2,4,,,141.48,
0,5,54,1,1,2,3,,,141.48,
0,5,55,2,0,1,1,,,141.48,
0,5,56,1,2,1,1,,,141.48,
0,5,57,3,3,1,0,,,141.48,
0,5,58,0,0,2,2,,,141.48,
0,5,59,2,1,1,3,,,141.48,
0,5,60,0,2,3,3,,,141.48,
0,5,61,4,3,3,3,,,141.48,
0,5,62,3,0,0,0,,,141.48,
0,5,63,4,4,4,4,,,141.48,
0,5,64,4,1,1,0,,,141.48,
0,5,65,1,4,4,1,,,141.48,
0,5,66,2,4,4,0,,,141.48,
0,5,67,3,0,2,0,,,141.48,
0,5,68,4,3,0,1,,,141.48,
0,5,69,1,2,2,0,,,141.48,
0,5,70,4,1,1,2,,,141.48,
0,5,71,2,4,2,1,,,141.48,
0,5,72,4,3,3,4,,,141.48,
0,5,73,2,4,3,3,,,141.48,
0,5,74,2,0,0,0,,,141.48,
0,5,75,2,4,3,1,,,141.48,
0,5,76,2,2,2,3,,,141.48,
0,5,77,3,2,2,3,,,141.48,
0,5,78,2,4,4,1,,,141.48,
0,5,79,4,2,2,1,,,141.48,
0,5,80,4,0,0,3,,,141.48,
0,5,81,1,4,3,3,,,141.48,
0,5,82,1,3,3,2,,,141.48,
0,5,83,3,2,1,3,,,141.48,
0,5,84,3,0,1,3,,,141.48,
0,5,85,2,4,4,3,,,141.48,
0,5,86,3,0,1,3,,,141.48,
0,5,87,3,1,1,3,,,141.48,
0,5,88,4,2,1,2,,,141.48,
0,5,89,3,4,4,4,,,141.48,
0,5,90,4,2,0,2,,,141.48,
0,5,91,0,1,1,4,,,141.48,
0,5,92,4,3,3,1,,,141.48,
0,5,93,4,1,2,0,,,141.48,
0,5,94,3,3,1,1,,,141.48,
0,5,95,0,0,0,1,,,141.48,
0,5,96,3,4,2,4,,,141.48,
0,5,97,2,2,0,3,,,141.48,
0,5,98,2,3,4,2,,,141.48,
0,5,99,2,4,2,0,,,141.48,
0,6,0,1,2,0,0,,,141.48,
0,6,1,2,2,2,3,,,141.48,
0,6,2,3,4,1,3,,,141.48,
0,6,3,4,0,3,1,,,141.48,
0,6,4,4,2,0,1,,,141.48,
0,6,5,3,1,1,3,,,141.48,
0,6,6,4,1,2,2,,,141.48,
0,6,7,0,4,3,3,,,141.48,
0,6,8,0,1,1,2,,,141.48,
0,6,9,4,4,1,1,,,141.48,
0,6,10,2,3,3,0,,,141.48,
0,6,11,1,4,4,3,,,141.48,
0,6,12,1,3,3,2,,,141.48,
0,6,13,3,4,4,4,,,141.48,
0,6,14,4,2,0,4,,,141.48,
0,6,15,3,4,4,0,,,141.48,
0,6,16,3,2,3,2,,,141.48,
0,6,17,0,2,2,0,,,141.48,
0,6,18,4,4,2,0,,,141.48,
0,6,19,2,4,4,4,,,141.48,
0,6,20,3,0,0,1,,,141.48,
0,6,21,4,2,2,1,,,141.48,
0,6,22,0,0,0,0,,,141.48,
0,6,23,1,4,0,4,,,141.48,
0,6,24,0,3,1,4,,,141.48,
0,6,25,3,2,2,2,,,141.48,
0,6,26,4,0,0,2,,,141.48,
0,6,27,1,1,4,0,,,141.48,
0,6,28,4,3,2,1,,,141.48,
0,6,29,3,1,1,1,,,141.48,
0,6,30,4,2,2,4,,,141.48,
0,6,31,1,4,4,0,,,141.48,
0,6,32,4,4,2,2,,,141.48,
0,6,33,0,0,0,1,,,141.48,
0,6,34,0,3,3,4,,,141.48,
0,6,35,4,1,2,2,,,141.48,
0,6,36,1,0,0,4,,,141.48,
0,6,37,1,2,0,4,,,141.48,
0,6,38,4,2,2,2,,,141.48,
0,6,39,1,0,2,1,,,141.48,
0,6,40,4,1,0,1,,,141.48,
0,6,41,2,0,2,0,,,141.48,
0,6,42,1,1,1,0,,,141.48,
0,6,43,2,2,2,2,,,141.48,
0,6,44,2,4,3,2,,,141.48,
0,6,45,0,0,0,0,,,141.48,
0,6,46,4,3,2,2,,,141.48,
0,6,47,2,2,4,4,,,141.48,
0,6,48,1,2,0,3,,,141.48,
0,6,49,2,3,0,2,,,141.48,
0,6,50,2,0,0,2,,,141.48,
0,6,51,1,4,4,0,,,141.48,
0,6,52,1,2,3,2,,,141.48,
0,6,53,2,2,0,4,,,141.48,
0,6,54,2,1,1,3,,,141.48,
0,6,55,1,2,4,3,,,141.48,
0,6,56,2,3,3,4,,,141.48,
0,6,57,4,3,4,4,,,141.48,
0,6,58,2,1,1,0,,,141.48,
0,6,59,2,2,0,0,,,141.48,
0,6,60,0,2,2,1,,,141.48,
0,6,61,2,0,2,3,,,141.48,
0,6,62,4,2,2,2,,,141.48,
0,6,63,4,2,2,1,,,141.48,
0,6,64,4,2,4,2,,,141.48,
0,6,65,1,0,3,2,,,141.48,
0,6,66,3,2,2,0,,,141.48,
0,6,67,4,2,0,4,,,141.48,
0,6,68,3,4,3,3,,,141.48,
0,6,69,0,3,2,2,,,141.48,
0,6,70,4,3,3,1,,,141.48,
0,6,71,1,0,0,4,,,141.48,
0,6,72,1,4,4,0,,,141.48,
0,6,73,2,0,4,4,,,141.48,
0,6,74,2,1,1,4,,,141.48,
0,6,75,2,3,1,1,,,141.48,
0,6,76,3,2,3,1,,,141.48,
0,6,77,2,2,2,2,,,141.48,
0,6,78,3,4,4,2,,,141.48,
0,6,79,1,4,0,2,,,141.48,
0,6,80,2,2,1,1,,,141.48,
0,6,81,1,3,3,1,,,141.48,
0,6,82,3,4,4,1,,,141.48,
0,6,83,0,3,1,2,,,141.48,
0,6,84,0,0,0,4,,,141.48,
0,6,85,2,0,0,2,,,141.48,
0,6,86,3,2,1,1,,,141.48,
0,6,87,1,2,1,4,,,141.48,
0,6,88,1,3,3,0,,,141.48,
0,6,89,4,3,2,4,,,141.48,
0,6,90,2,3,3,3,,,141.48,
0,6,91,4,0,1,2,,,141.48,
0,6,92,2,4,3,3,,,141.48,
0,6,93,2,4,0,2,,,141.48,
0,6,94,0,1,1,3,,,141.48,
0,6,95,1,1,1,3,,,141.48,
0,6,96,2,4,3,2,,,141.48,
0,6,97,1,1,1,2,,,141.48,
0,6,98,3,0,4,4,,,141.48,
0,6,99,1,2,2,0,,,141.48,
0,7,0,3,1,1,3,,,141.48,
0,7,1,1,2,4,3,,,141.48,
0,7,2,4,2,3,0,,,141.48,
0,7,3,0,3,0,0,,,141.48,
0,7,4,4,2,2,2,,,141.48,
0,7,5,1,3,0,0,,,141.48,
0,7,6,2,0,4,1,,,141.48,
0,7,7,1,3,3,1,,,141.48,
0,7,8,0,2,2,0,,,141.48,
0,7,9,3,2,4,3,,,141.48,
0,7,10,3,0,2,3,,,141.48,
0,7,11,4,3,3,0,,,141.48,
0,7,12,3,2,2,3,,,141.48,
0,7,13,3,3,2,2,,,141.48,
0,7,14,4,2,4,4,,,141.48,
0,7,15,1,0,2,1,,,141.48,
0,7,16,3,2,2,4,,,141.48,
0,7,17,3,0,1,2,,,141.48,
0,7,18,3,4,4,4,,,141.48,
0,7,19,2,1,1,3,,,141.48,
0,7,20,4,2,2,4,,,141.48,
0,7,21,1,1,1,0,,,141.48,
0,7,22,4,4,3,3,,,141.48,
0,7,23,3,3,1,1,,,141.48,
0,7,24,1,1,2,1,,,141.48,
0,7,25,2,2,2,3,,,141.48,
0,7,26,3,3,3,3,,,141.48,
0,7,27,4,3,3,0,,,141.48,
0,7,28,1,0,0,4,,,141.48,
0,7,29,3,0,0,4,,,141.48,
0,7,30,0,3,4,2,,,141.48,
0,7,31,2,4,3,4,,,141.48,
0,7,32,4,3,3,4,,,141.48,
0,7,33,1,3,3,2,,,141.48,
0,7,34,0,3,0,2,,,141.48,
0,7,35,1,0,0,4,,,141.48,
0,7,36,4,3,3,3,,,141.48,
0,7,37,0,2,2,4,,,141.48,
0,7,38,4,3,1,1,,,141.48,
0,7,39,0,3,1,1,,,141.48,
0,7,40,2,3,3,1,,,141.48,
0,7,41,2,3,3,1,,,141.48,
0,7,42,4,1,0,1,,,141.48,
0,7,43,4,1,3,1,,,141.48,
0,7,44,4,2,0,4,,,141.48,
0,7,45,3,4,3,0,,,141.48,
0,7,46,1,4,2,1,,,141.48,
0,7,47,0,4,4,3,,,141.48,
0,7,48,1,1,3,4,,,141.48,
0,7,49,1,1,1,1,,,141.48,
0,7,50,4,4,1,1,,,141.48,
0,7,51,0,1,3,0,,,141.48,
0,7,52,4,2,2,0,,,141.48,
0,7,53,0,4,3,3,,,141.48,
0,7,54,0,4,1,1,,,141.48,
0,7,55,3,3,2,3,,,141.48,
0,7,56,2,0,1,2,,,141.48,
0,7,57,4,2,0,4,,,141.48,
0,7,58,2,4,1,2,,,141.48,
0,7,59,3,3,1,0,,,141.48,
0,7,60,4,4,1,2,,,141.48,
0,7,61,3,1,1,2,,,141.48,
0,7,62,2,2,2,0,,,141.48,
0,7,63,3,0,0,0,,,141.48,
0,7,64,1,4,4,1,,,141.48,
0,7,65,2,1,1,3,,,141.48,
0,7,66,3,0,2,1,,,141.48,
0,7,67,3,0,0,4,,,141.48,
0,7,68,3,0,4,0,,,141.48,
0,7,69,2,3,4,4,,,141.48,
0,7,70,1,3,0,0,,,141.48,
0,7,71,2,2,4,2,,,141.48,
0,7,72,0,3,3,0,,,141.48,
0,7,73,4,0,1,0,,,141.48,
0,7,74,2,4,3,1,,,141.48,
0,7,75,3,0,2,0,,,141.48,
0,7,76,2,1,3,3,,,141.48,
0,7,77,3,4,2,2,,,141.48,
0,7,78,4,4,1,4,,,141.48,
0,7,79,3,1,1,1,,,141.48,
0,7,80,4,1,0,4,,,141.48,
0,7,81,2,3,3,3,,,141.48,
0,7,82,4,4,3,3,,,141.48,
0,7,83,0,3,4,4,,,141.48,
0,7,84,2,1,4,0,,,141.48,
0,7,85,2,1,1,0,,,141.48,
0,7,86,3,4,4,0,,,141.48,
0,7,87,3,2,2,1,,,141.48,
0,7,88,0,0,4,4,,,141.48,
0,7,89,4,4,3,2,,,141.48,
0,7,90,2,1,2,0,,,141.48,
0,7,91,2,4,4,1,,,141.48,
0,7,92,3,3,3,4,,,141.48,
0,7,93,2,1,1,1,,,141.48,
0,7,94,0,0,0,4,,,141.48,
0,7,95,2,2,2,2,,,141.48,
0,7,96,3,4,1,1,,,141.48,
0,7,97,3,4,1,0,,,141.48,
0,7,98,3,3,0,2,,,141.48,
0,7,99,0,1,1,0,,,141.48,
0,8,0,4,4,3,3,,,141.48,
0,8,1,3,0,1,2,,,141.48,
0,8,2,2,3,1,3,,,141.48,
0,8,3,2,4,4,1,,,141.48,
0,8,4,0,2,2,2,,,141.48,
0,8,5,1,1,1,0,,,141.48,
0,8,6,3,3,3,0,,,141.48,
0,8,7,3,3,3,4,,,141.48,
0,8,8,4,4,4,0,,,141.48,
0,8,9,1,3,3,0,,,141.48,
0,8,10,0,3,3,2,,,141.48,
0,8,11,1,1,1,0,,,141.48,
0,8,12,4,3,3,0,,,141.48,
0,8,13,1,0,4,4,,,141.48,
0,8,14,3,3,0,3,,,141.48,
0,8,15,3,1,2,4,,,141.48,
0,8,16,2,4,3,0,,,141.48,
0,8,17,1,0,3,3,,,141.48,
0,8,18,3,3,0,4,,,141.48,
0,8,19,1,2,2,3,,,141.48,
0,8,20,1,2,1,3,,,141.48,
0,8,21,2,3,2,2,,,141.48,
0,8,22,0,2,0,2,,,141.48,
0,8,23,4,3,3,2,,,141.48,
0,8,24,3,1,1,3,,,141.48,
0,8,25,0,3,3,1,,,141.48,
0,8,26,0,1,1,3,,,141.48,
0,8,27,4,2,0,2,,,141.48,
0,8,28,0,0,0,1,,,141.48,
0,8,29,4,1,1,3,,,141.48,
0,8,30,0,3,0,0,,,141.48,
0,8,31,1,2,2,3,,,141.48,
0,8,32,0,1,3,3,,,141.48,
0,8,33,1,2,3,4,,,141.48,
0,8,34,1,1,2,1,,,141.48,
0,8,35,1,4,0,0,,,141.48,
0,8,36,2,3,3,1,,,141.48,
0,8,37,4,2,2,2,,,141.48,
0,8,38,0,4,2,4,,,141.48,
0,8,39,1,0,4,4,,,141.48,
0,8,40,3,4,4,4,,,141.48,
0,8,41,4,1,1,3,,,141.48,
0,8,42,2,4,4,1,,,141.48,
0,8,43,3,2,2,2,,,141.48,
0,8,44,3,1,2,0,,,141.48,
0,8,45,0,2,2,2,,,141.48,
0,8,46,0,0,0,3,,,141.48,
0,8,47,4,3,3,1,,,141.48,
0,8,48,4,4,3,0,,,141.48,
0,8,49,4,1,1,0,,,141.48,
0,8,50,4,1,1,3,,,141.48,
0,8,51,2,3,1,3,,,141.48,
0,8,52,4,1,1,1,,,141.48,
0,8,53,1,2,2,4,,,141.48,
0,8,54,3,0,4,1,,,141.48,
0,8,55,4,2,1,1,,,141.48,
0,8,56,1,3,1,1,,,141.48,
0,8,57,4,3,3,4,,,141.48,
0,8,58,4,3,1,1,,,141.48,
0,8,59,0,0,0,2,,,141.48,
0,8,60,1,1,1,0,,,141.48,
0,8,61,0,0,0,1,,,141.48,
0,8,62,2,3,3,2,,,141.48,
0,8,63,2,0,0,3,,,141.48,
0,8,64,2,4,4,3,,,141.48,
0,8,65,3,3,3,2,,,141.48,
0,8,66,0,3,1,1,,,141.48,
0,8,67,4,4,3,3,,,141.48,
0,8,68,3,3,3,2,,,141.48,
0,8,69,2,2,2,0,,,141.48,
0,8,70,3,2,2,0,,,141.48,
0,8,71,1,1,1,4,,,141.48,
0,8,72,3,4,2,1,,,141.48,
0,8,73,4,3,2,1,,,141.48,
0,8,74,4,1,2,3,,,141.48,
0,8,75,2,4,2,3,,,141.48,
0,8,76,1,1,1,1,,,141.48,
0,8,77,3,1,3,0,,,141.48,
0,8,78,3,2,2,2,,,141.48,
0,8,79,2,2,4,2,,,141.48,
0,8,80,1,2,4,4,,,141.48,
0,8,81,4,1,2,4,,,141.48,
0,8,82,1,3,1,1,,,141.48,
0,8,83,3,2,4,4,,,141.48,
0,8,84,0,3,3,2,,,141.48,
0,8,85,4,3,1,0,,,141.48,
0,8,86,1,0,4,1,,,141.48,
0,8,87,0,0,0,4,,,141.48,
0,8,88,2,3,3,4,,,141.48,
0,8,89,4,1,0,4,,,141.48,
0,8,90,2,1,1,0,,,141.48,
0,8,91,1,2,0,4,,,141.48,
0,8,92,4,2,2,0,,,141.48,
0,8,93,2,4,4,4,,,141.48,
0,8,94,0,2,1,1,,,141.48,
0,8,95,4,0,3,3,,,141.48,
0,8,96,0,2,2,0,,,141.48,
0,8,97,4,0,0,0,,,141.48,
0,8,98,4,4,2,0,,,141.48,
0,8,99,2,3,0,1,,,141.48,
0,9,0,0,4,2,2,,,141.48,
0,9,1,1,2,2,2,,,141.48,
0,9,2,4,2,4,3,,,141.48,
0,9,3,3,3,1,2,,,141.48,
0,9,4,3,4,1,0,,,141.48,
0,9,5,0,4,4,4,,,141.48,
0,9,6,3,2,2,0,,,141.48,
0,9,7,3,4,1,3,,,141.48,
0,9,8,4,1,4,4,,,141.48,
0,9,9,3,0,0,4,,,141.48,
0,9,10,4,0,3,4,,,141.48,
0,9,11,0,4,0,3,,,141.48,
0,9,12,2,2,3,3,,,141.48,
0,9,13,2,0,0,4,,,141.48,
0,9,14,3,3,1,1,,,141.48,
0,9,15,1,3,2,3,,,141.48,
0,9,16,4,1,2,2,,,141.48,
0,9,17,3,3,1,2,,,141.48,
0,9,18,1,2,4,2,,,141.48,
0,9,19,0,0,4,4,,,141.48,
0,9,20,1,1,1,2,,,141.48,
0,9,21,3,2,2,0,,,141.48,
0,9,22,3,1,3,0,,,141.48,
0,9,23,2,1,4,0,,,141.48,
0,9,24,2,4,4,2,,,141.48,
0,9,25,4,1,4,4,,,141.48,
0,9,26,4,2,1,3,,,141.48,
0,9,27,1,3,3,3,,,141.48,
0,9,28,2,3,4,4,,,141.48,
0,9,29,0,4,4,4,,,141.48,
0,9,30,4,3,3,4,,,141.48,
0,9,31,4,1,2,2,,,141.48,
0,9,32,1,3,3,1,,,141.48,
0,9,33,4,0,0,2,,,141.48,
0,9,34,0,4,3,4,,,141.48,
0,9,35,4,3,0,0,,,141.48,
0,9,36,0,2,2,0,,,141.48,
0,9,37,2,0,2,2,,,141.48,
0,9,38,1,4,4,4,,,141.48,
0,9,39,4,2,4,4,,,141.48,
0,9,40,2,2,2,2,,,141.48,
0,9,41,1,4,1,3,,,141.48,
0,9,42,4,2,3,3,,,141.48,
0,9,43,1,1,1,4,,,141.48,
0,9,44,3,3,4,4,,,141.48,
0,9,45,4,2,2,1,,,141.48,
0,9,46,1,2,2,1,,,141.48,
0,9,47,3,1,4,4,,,141.48,
0,9,48,2,3,4,3,,,141.48,
0,9,49,4,0,4,4,,,141.48,
0,9,50,1,4,4,4,,,141.48,
0,9,51,2,1,2,1,,,141.48,
0,9,52,4,0,0,2,,,141.48,
0,9,53,4,2,2,1,,,141.48,
0,9,54,1,0,0,1,,,141.48,
0,9,55,4,1,1,2,,,141.48,
0,9,56,1,4,4,2,,,141.48,
0,9,57,3,1,3,2,,,141.48,
0,9,58,0,4,4,3,,,141.48,
0,9,59,1,2,2,0,,,141.48,
0,9,60,0,4,4,4,,,141.48,
0,9,61,2,1,3,3,,,141.48,
0,9,62,0,4,4,4,,,141.48,
0,9,63,3,3,4,3,,,141.48,
0,9,64,0,0,2,2,,,141.48,
0,9,65,0,0,0,2,,,141.48,
0,9,66,4,4,3,2,,,141.48,
0,9,67,3,1,2,4,,,141.48,
0,9,68,2,0,0,3,,,141.48,
0,9,69,1,1,0,1,,,141.48,
0,9,70,1,1,4,4,,,141.48,
0,9,71,3,0,0,4,,,141.48,
0,9,72,2,1,1,1,,,141.48,
0,9,73,2,3,3,0,,,141.48,
0,9,74,1,0,0,1,,,141.48,
0,9,75,1,4,1,3,,,141.48,
0,9,76,1,4,1,4,,,141.48,
0,9,77,4,4,2,2,,,141.48,
0,9,78,1,0,3,3,,,141.48,
0,9,79,4,0,0,4,,,141.48,
0,9,80,2,3,3,1,,,141.48,
0,9,81,4,4,1,3,,,141.48,
0,9,82,4,1,1,3,,,141.48,
0,9,83,2,3,2,1,,,141.48,
0,9,84,1,4,4,1,,,141.48,
0,9,85,2,3,4,4,,,141.48,
0,9,86,0,2,3,3,,,141.48,
0,9,87,2,4,3,4,,,141.48,
0,9,88,2,3,3,0,,,141.48,
0,9,89,4,4,1,3,,,141.48,
0,9,90,2,3,3,3,,,141.48,
0,9,91,1,4,1,1,,,141.48,
0,9,92,3,4,4,0,,,141.48,
0,9,93,3,2,3,4,,,141.48,
0,9,94,0,3,0,4,,,141.48,
0,9,95,0,4,1,3,,,141.48,
0,9,96,2,3,3,4,,,141.48,
0,9,97,3,1,1,4,,,141.48,
0,9,98,2,2,1,1,,,141.48,
0,9,99,4,2,4,1,,,141.48,
0,10,0,3,2,2,0,,,141.48,
0,10,1,2,2,1,2,,,141.48,
0,10,2,1,2,2,1,,,141.48,
0,10,3,1,4,4,0,,,141.48,
0,10,4,0,3,2,2,,,141.48,
0,10,5,2,3,3,3,,,141.48,
0,10,6,4,4,4,1,,,141.48,
0,10,7,4,2,1,1,,,141.48,
0,10,8,0,4,1,0,,,141.48,
0,10,9,1,0,0,0,,,141.48,
0,10,10,4,0,0,1,,,141.48,
0,10,11,1,3,3,3,,,141.48,
0,10,12,3,0,0,4,,,141.48,
0,10,13,1,3,1,1,,,141.48,
0,10,14,3,1,1,3,,,141.48,
0,10,15,0,1,3,0,,,141.48,
0,10,16,2,0,0,4,,,141.48,
0,10,17,3,0,0,0,,,141.48,
0,10,18,1,2,2,0,,,141.48,
0,10,19,2,3,4,1,,,141.48,
0,10,20,1,1,2,2,,,141.48,
0,10,21,2,1,1,4,,,141.48,
0,10,22,0,1,1,0,,,141.48,
0,10,23,0,3,3,1,,,141.48,
0,10,24,3,1,1,3,,,141.48,
0,10,25,2,2,1,1,,,141.48,
0,10,26,0,2,4,0,,,141.48,
0,10,27,3,0,0,4,,,141.48,
0,10,28,2,2,2,2,,,141.48,
0,10,29,3,0,0,4,,,141.48,
0,10,30,3,3,2,2,,,141.48,
0,10,31,2,1,1,3,,,141.48,
0,10,32,1,1,0,3,,,141.48,
0,10,33,3,4,3,2,,,141.48,
0,10,34,3,0,4,0,,,141.48,
0,10,35,0,4,3,0,,,141.48,
0,10,36,2,4,0,0,,,141.48,
0,10,37,4,1,1,1,,,141.48,
0,10,38,0,2,1,2,,,141.48,
0,10,39,4,1,1,4,,,141.48,
0,10,40,4,0,2,2,,,141.48,
0,10,41,1,0,0,0,,,141.48,
0,10,42,2,1,1,2,,,141.48,
0,10,43,3,0,0,0,,,141.48,
0,10,44,3,0,4,4,,,141.48,
0,10,45,4,1,1,2,,,141.48,
0,10,46,0,4,1,0,,,141.48,
0,10,47,4,1,3,1,,,141.48,
0,10,48,3,0,0,4,,,141.48,
0,10,49,4,1,4,0,,,141.48,
0,10,50,3,2,2,3,,,141.48,
0,10,51,1,4,4,1,,,141.48,
0,10,52,0,1,1,0,,,141.48,
0,10,53,2,4,4,4,,,141.48,
0,10,54,0,2,1,0,,,141.48,
0,10,55,3,2,2,4,,,141.48,
0,10,56,0,4,4,2,,,141.48,
0,10,57,2,0,0,3,,,141.48,
0,10,58,3,3,3,0,,,141.48,
0,10,59,0,4,2,1,,,141.48,
0,10,60,1,4,1,0,,,141.48,
0,10,61,0,4,2,3,,,141.48,
0,10,62,0,2,1,1,,,141.48,
0,10,63,3,4,4,2,,,141.48,
0,10,64,3,0,2,0,,,141.48,
0,10,65,0,0,0,4,,,141.48,
0,10,66,2,1,4,4,,,141.48,
0,10,67,0,0,2,2,,,141.48,
0,10,68,0,4,2,1,,,141.48,
0,10,69,2,4,1,0,,,141.48,
0,10,70,3,4,2,4,,,141.48,
0,10,71,4,2,2,1,,,141.48,
0,10,72,3,3,2,2,,,141.48,
0,10,73,2,0,0,1,,,141.48,
0,10,74,4,3,4,4,,,141.48,
0,10,75,2,2,3,1,,,141.48,
0,10,76,3,3,3,2,,,141.48,
0,10,77,1,3,0,1,,,141.48,
0,10,78,1,4,0,2,,,141.48,
0,10,79,2,2,3,0,,,141.48,
0,10,80,2,3,4,3,,,141.48,
0,10,81,4,2,0,1,,,141.48,
0,10,82,1,2,2,3,,,141.48,
0,10,83,4,3,0,0,,,141.48,
0,10,84,2,1,4,1,,,141.48,
0,10,85,3,3,3,0,,,141.48,
0,10,86,2,4,1,3,,,141.48,
0,10,87,2,1,1,2,,,141.48,
0,10,88,2,3,3,0,,,141.48,
0,10,89,1,2,2,3,,,141.48,
0,10,90,1,1,1,2,,,141.48,
0,10,91,1,2,4,4,,,141.48,
0,10,92,2,4,1,3,,,141.48,
0,10,93,2,1,1,0,,,141.48,
0,10,94,2,3,3,0,,,141.48,
0,10,95,1,0,4,0,,,141.48,
0,10,96,4,2,0,2,,,141.48,
0,10,97,0,0,0,3,,,141.48,
0,10,98,4,4,4,1,,,141.48,
0,10,99,3,1,4,2,,,141.48,
10,0,0,2,-1,0,2,,,122.58,
10,0,1,2,-1,2,4,,,122.58,
10,0,2,0,-1,1,0,,,122.58,
10,0,3,1,-1,4,0,,,122.58,
10,0,4,2,-1,0,2,,,122.58,
10,0,5,3,-1,4,2,,,122.58,
10,0,6,2,-1,0,3,,,122.58,
10,0,7,0,-1,2,1,,,122.58,
10,0,8,3,-1,4,3,,,122.58,
10,0,9,1,-1,0,1,,,122.58,
10,0,10,0,-1,4,2,,,122.58,
10,0,11,0,-1,4,4,,,122.58,
10,0,12,1,-1,4,2,,,122.58,
10,0,13,0,-1,3,0,,,122.58,
10,0,14,2,-1,0,4,,,122.58,
10,0,15,3,-1,0,1,,,122.58,
10,0,16,4,-1,1,1,,,122.58,
10,0,17,3,-1,1,4,,,122.58,
10,0,18,0,-1,0,4,,,122.58,
10,0,19,1,-1,0,0,,,122.58,
10,0,20,2,-1,2,2,,,122.58,
10,0,21,3,-1,2,1,,,122.58,
10,0,22,1,-1,3,1,,,122.58,
10,0,23,2,-1,3,2,,,122.58,
10,0,24,1,-1,0,0,,,122.58,
10,0,25,1,-1,2,4,,,122.58,
10,0,26,1,-1,0,4,,,122.58,
10,0,27,2,-1,2,4,,,122.58,
10,0,28,4,-1,0,1,,,122.58,
10,0,29,0,-1,2,0,,,122.58,
10,0,30,3,-1,3,4,,,122.58,
10,0,31,4,-1,2,3,,,122.58,
10,0,32,1,-1,1,4,,,122.58,
10,0,33,4,-1,2,2,,,122.58,
10,0,34,3,-1,3,0,,,122.58,
10,0,35,4,-1,0,1,,,122.58,
10,0,36,1,-1,0,2,,,122.58,
10,0,37,4,-1,2,4,,,122.58,
10,0,38,0,-1,1,3,,,122.58,
10,0,39,1,-1,2,4,,,122.58,
10,0,40,2,-1,0,1,,,122.58,
10,0,41,4,-1,3,4,,,122.58,
10,0,42,3,-1,3,1,,,122.58,
10,0,43,0,-1,4,0,,,122.58,
10,0,44,4,-1,1,0,,,122.58,
10,0,45,1,-1,4,2,,,122.58,
10,0,46,2,-1,2,4,,,122.58,
10,0,47,1,-1,4,3,,,122.58,
10,0,48,4,-1,4,0,,,122.58,
10,0,49,1,-1,0,3,,,122.58,
10,0,50,4,-1,4,0,,,122.58,
10,0,51,4,-1,3,4,,,122.58,
10,0,52,3,-1,4,4,,,122.58,
10,0,53,4,-1,0,1,,,122.58,
10,0,54,3,-1,3,3,,,122.58,
10,0,55,4,-1,3,3,,,122.58,
10,0,56,1,-1,0,1,,,122.58,
10,0,57,0,-1,3,3,,,122.58,
10,0,58,3,-1,1,0,,,122.58,
10,0,59,3,-1,0,0,,,122.58,
10,0,60,3,-1,3,3,,,122.58,
10,0,61,0,-1,1,2,,,122.58,
10,0,62,3,-1,3,3,,,122.58,
10,0,63,1,-1,1,4,,,122.58,
10,0,64,0,-1,3,2,,,122.58,
10,0,65,3,-1,3,1,,,122.58,
10,0,66,0,-1,0,0,,,122.58,
10,0,67,0,-1,1,2,,,122.58,
10,0,68,2,-1,1,3,,,122.58,
10,0,69,4,-1,0,1,,,122.58,
10,0,70,1,-1,4,1,,,122.58,
10,0,71,0,-1,3,1,,,122.58,
10,0,72,0,-1,3,2,,,122.58,
10,0,73,2,-1,1,1,,,122.58,
10,0,74,4,-1,1,3,,,122.58,
10,0,75,1,-1,0,0,,,122.58,
10,0,76,2,-1,4,0,,,122.58,
10,0,77,4,-1,2,2,,,122.58,
10,0,78,3,-1,4,1,,,122.58,
10,0,79,4,-1,0,4,,,122.58,
10,0,80,4,-1,2,0,,,122.58,
10,0,81,1,-1,0,3,,,122.58,
10,0,82,3,-1,0,2,,,122.58,
10,0,83,4,-1,1,1,,,122.58,
10,0,84,1,-1,0,4,,,122.58,
10,0,85,1,-1,0,2,,,122.58,
10,0,86,1,-1,0,2,,,122.58,
10,0,87,1,-1,3,1,,,122.58,
10,0,88,3,-1,1,2,,,122.58,
10,0,89,3,-1,1,3,,,122.58,
10,0,90,4,-1,2,1,,,122.58,
10,0,91,0,-1,0,3,,,122.58,
10,0,92,2,-1,3,2,,,122.58,
10,0,93,0,-1,4,4,,,122.58,
10,0,94,0,-1,3,3,,,122.58,
10,0,95,1,-1,0,1,,,122.58,
10,0,96,0,-1,0,4,,,122.58,
10,0,97,0,-1,1,3,,,122.58,
10,0,98,1,-1,1,1,,,122.58,
10,0,99,3,-1,0,3,,,122.58,
10,1,0,4,2,0,0,,,122.58,
10,1,1,3,4,4,2,,,122.58,
10,1,2,3,0,3,0,,,122.58,
10,1,3,4,1,2,1,,,122.58,
10,1,4,0,2,3,1,,,122.58,
10,1,5,2,0,3,4,,,122.58,
10,1,6,2,2,2,0,,,122.58,
10,1,7,0,2,2,1,,,122.58,
10,1,8,4,0,0,0,,,122.58,
10,1,9,2,1,4,2,,,122.58,
10,1,10,2,0,2,1,,,122.58,
10,1,11,2,0,4,1,,,122.58,
10,1,12,1,1,3,3,,,122.58,
10,1,13,4,4,4,2,,,122.58,
10,1,14,2,1,2,0,,,122.58,
10,1,15,1,3,4,3,,,122.58,
10,1,16,0,3,3,0,,,122.58,
10,1,17,4,2,3,0,,,122.58,
10,1,18,0,0,3,4,,,122.58,
10,1,19,1,1,1,4,,,122.58,
10,1,20,2,2,4,1,,,122.58,
10,1,21,0,3,0,4,,,122.58,
10,1,22,4,2,2,3,,,122.58,
10,1,23,1,1,1,1,,,122.58,
10,1,24,1,0,0,1,,,122.58,
10,1,25,3,3,3,2,,,122.58,
10,1,26,1,1,0,1,,,122.58,
10,1,27,2,1,1,3,,,122.58,
10,1,28,2,2,0,2,,,122.58,
10,1,29,1,2,2,4,,,122.58,
10,1,30,1,1,3,1,,,122.58,
10,1,31,2,3,2,0,,,122.58,
10,1,32,3,1,1,2,,,122.58,
10,1,33,3,3,3,0,,,122.58,
10,1,34,0,0,0,1,,,122.58,
10,1,35,4,1,1,1,,,122.58,
10,1,36,4,3,3,2,,,122.58,
10,1,37,2,0,4,3,,,122.58,
10,1,38,3,3,4,0,,,122.58,
10,1,39,0,1,0,4,,,122.58,
10,1,40,1,0,4,2,,,122.58,
10,1,41,4,2,2,2,,,122.58,
10,1,42,3,0,0,0,,,122.58,
10,1,43,3,3,1,4,,,122.58,
10,1,44,4,2,4,2,,,122.58,
10,1,45,1,4,4,1,,,122.58,
10,1,46,2,2,1,1,,,122.58,
10,1,47,0,1,1,3,,,122.58,
10,1,48,2,3,4,2,,,122.58,
10,1,49,3,2,3,2,,,122.58,
10,1,50,4,3,3,1,,,122.58,
10,1,51,2,1,4,3,,,122.58,
10,1,52,2,3,1,1,,,122.58,
10,1,53,2,1,0,3,,,122.58,
10,1,54,0,3,2,2,,,122.58,
10,1,55,4,4,3,4,,,122.58,
10,1,56,0,3,3,4,,,122.58,
10,1,57,3,2,1,1,,,122.58,
10,1,58,3,3,0,4,,,122.58,
10,1,59,0,0,0,4,,,122.58,
10,1,60,2,2,2,3,,,122.58,
10,1,61,1,1,1,2,,,122.58,
10,1,62,0,0,0,1,,,122.58,
10,1,63,2,1,0,0,,,122.58,
10,1,64,4,3,2,2,,,122.58,
10,1,65,0,1,3,4,,,122.58,
10,1,66,4,4,1,2,,,122.58,
10,1,67,2,2,0,4,,,122.58,
10,1,68,4,1,2,1,,,122.58,
10,1,69,2,3,3,4,,,122.58,
10,1,70,2,1,2,0,,,122.58,
10,1,71,2,2,0,2,,,122.58,
10,1,72,2,1,3,0,,,122.58,
10,1,73,0,4,4,4,,,122.58,
10,1,74,2,3,3,0,,,122.58,
10,1,75,2,4,0,0,,,122.58,
10,1,76,1,1,4,1,,,122.58,
10,1,77,0,0,4,2,,,122.58,
10,1,78,1,4,4,1,,,122.58,
10,1,79,1,2,2,1,,,122.58,
10,1,80,0,1,0,3,,,122.58,
10,1,81,2,0,1,4,,,122.58,
10,1,82,4,4,0,4,,,122.58,
10,1,83,4,1,2,2,,,122.58,
10,1,84,3,2,1,2,,,122.58,
10,1,85,1,3,4,1,,,122.58,
10,1,86,4,1,1,1,,,122.58,
10,1,87,3,3,3,2,,,122.58,
10,1,88,1,0,0,2,,,122.58,
10,1,89,2,1,1,2,,,122.58,
10,1,90,0,1,2,1,,,122.58,
10,1,91,3,4,3,3,,,122.58,
10,1,92,3,0,3,1,,,122.58,
10,1,93,4,4,0,0,,,122.58,
10,1,94,3,0,0,0,,,122.58,
10,1,95,4,3,1,0,,,122.58,
10,1,96,1,2,1,0,,,122.58,
10,1,97,0,4,0,4,,,122.58,
10,1,98,3,1,1,1,,,122.58,
10,1,99,4,2,4,0,,,122.58,
10,2,0,3,0,0,1,,,122.58,
10,2,1,0,1,4,0,,,122.58,
10,2,2,2,3,4,0,,,122.58,
10,2,3,1,3,1,0,,,122.58,
10,2,4,1,4,1,1,,,122.58,
10,2,5,3,4,4,1,,,122.58,
10,2,6,3,1,1,1,,,122.58,
10,2,7,0,4,4,0,,,122.58,
10,2,8,2,0,2,1,,,122.58,
10,2,9,4,4,4,1,,,122.58,
10,2,10,2,3,4,2,,,122.58,
10,2,11,2,4,4,4,,,122.58,
10,2,12,2,1,0,4,,,122.58,
10,2,13,1,1,2,2,,,122.58,
10,2,14,1,3,0,3,,,122.58,
10,2,15,4,3,3,0,,,122.58,
10,2,16,1,1,1,1,,,122.58,
10,2,17,0,4,4,3,,,122.58,
10,2,18,4,2,2,3,,,122.58,
10,2,19,1,4,4,4,,,122.58,
10,2,20,0,3,3,4,,,122.58,
10,2,21,2,3,3,0,,,122.58,
10,2,22,0,3,3,3,,,122.58,
10,2,23,1,0,3,3,,,122.58,
10,2,24,0,4,1,1,,,122.58,
10,2,25,0,1,3,1,,,122.58,
10,2,26,4,0,0,3,,,122.58,
10,2,27,2,2,2,4,,,122.58,
10,2,28,4,3,3,1,,,122.58,
10,2,29,4,1,1,2,,,122.58,
10,2,30,3,4,4,0,,,122.58,
10,2,31,0,2,2,4,,,122.58,
10,2,32,1,4,4,2,,,122.58,
10,2,33,0,2,2,4,,,122.58,
10,2,34,2,2,2,3,,,122.58,
10,2,35,2,2,2,0,,,122.58,
10,2,36,1,3,3,2,,,122.58,
10,2,37,4,4,4,2,,,122.58,
10,2,38,3,4,4,4,,,122.58,
10,2,39,0,2,3,3,,,122.58,
10,2,40,0,4,4,0,,,122.58,
10,2,41,0,0,0,2,,,122.58,
10,2,42,1,0,0,0,,,122.58,
10,2,43,3,0,0,3,,,122.58,
10,2,44,3,2,2,0,,,122.58,
10,2,45,2,2,0,3,,,122.58,
10,2,46,2,3,0,1,,,122.58,
10,2,47,3,4,4,4,,,122.58,
10,2,48,1,2,3,2,,,122.58,
10,2,49,1,1,1,0,,,122.58,
10,2,50,4,3,0,0,,,122.58,
10,2,51,4,2,0,4,,,122.58,
10,2,52,3,4,4,3,,,122.58,
10,2,53,3,1,1,3,,,122.58,
10,2,54,2,3,3,2,,,122.58,
10,2,55,1,1,1,2,,,122.58,
10,2,56,3,4,4,2,,,122.58,
10,2,57,1,1,1,1,,,122.58,
10,2,58,1,1,1,1,,,122.58,
10,2,59,0,4,4,2,,,122.58,
10,2,60,2,3,3,1,,,122.58,
10,2,61,0,0,4,0,,,122.58,
10,2,62,0,0,2,0,,,122.58,
10,2,63,1,0,4,1,,,122.58,
10,2,64,1,0,0,4,,,122.58,
10,2,65,0,1,2,0,,,122.58,
10,2,66,1,3,3,3,,,122.58,
10,2,67,3,2,4,0,,,122.58,
10,2,68,2,4,2,0,,,122.58,
10,2,69,0,1,1,4,,,122.58,
10,2,70,0,0,1,2,,,122.58,
10,2,71,0,4,4,1,,,122.58,
10,2,72,0,0,0,2,,,122.58,
10,2,73,2,2,2,2,,,122.58,
10,2,74,0,3,0,0,,,122.58,
10,2,75,3,0,0,0,,,122.58,
10,2,76,2,0,0,4,,,122.58,
10,2,77,0,2,2,1,,,122.58,
10,2,78,1,4,4,3,,,122.58,
10,2,79,4,0,2,1,,,122.58,
10,2,80,3,1,1,2,,,122.58,
10,2,81,2,0,0,4,,,122.58,
10,2,82,3,4,0,0,,,122.58,
10,2,83,3,3,3,1,,,122.58,
10,2,84,2,4,4,2,,,122.58,
10,2,85,2,3,3,1,,,122.58,
10,2,86,3,3,0,3,,,122.58,
10,2,87,4,0,0,3,,,122.58,
10,2,88,2,3,0,1,,,122.58,
10,2,89,2,1,1,0,,,122.58,
10,2,90,4,2,4,2,,,122.58,
10,2,91,4,3,4,2,,,122.58,
10,2,92,2,1,1,1,,,122.58,
10,2,93,4,2,2,4,,,122.58,
10,2,94,1,0,2,4,,,122.58,
10,2,95,3,1,1,1,,,122.58,
10,2,96,0,3,3,1,,,122.58,
10,2,97,4,3,3,0,,,122.58,
10,2,98,3,2,2,3,,,122.58,
10,2,99,1,0,0,0,,,122.58,
10,3,0,1,4,4,0,,,122.58,
10,3,1,4,2,4,4,,,122.58,
10,3,2,3,4,4,0,,,122.58,
10,3,3,2,3,3,3,,,122.58,
10,3,4,1,4,4,3,,,122.58,
10,3,5,2,3,3,3,,,122.58,
10,3,6,1,1,0,0,,,122.58,
10,3,7,2,1,1,2,,,122.58,
10,3,8,3,2,2,1,,,122.58,
10,3,9,4,1,1,2,,,122.58,
10,3,10,3,4,4,0,,,122.58,
10,3,11,3,2,2,3,,,122.58,
10,3,12,2,1,1,0,,,122.58,
10,3,13,2,2,2,4,,,122.58,
10,3,14,2,2,2,3,,,122.58,
10,3,15,0,3,3,0,,,122.58,
10,3,16,0,0,0,2,,,122.58,
10,3,17,4,0,0,4,,,122.58,
10,3,18,3,4,0,2,,,122.58,
10,3,19,0,4,2,4,,,122.58,
10,3,20,2,2,3,3,,,122.58,
10,3,21,4,1,1,4,,,122.58,
10,3,22,3,0,3,3,,,122.58,
10,3,23,1,3,3,4,,,122.58,
10,3,24,4,0,0,3,,,122.58,
10,3,25,1,4,4,0,,,122.58,
10,3,26,3,1,1,2,,,122.58,
10,3,27,0,4,4,4,,,122.58,
10,3,28,3,1,1,4,,,122.58,
10,3,29,4,4,4,1,,,122.58,
10,3,30,0,2,2,4,,,122.58,
10,3,31,1,2,2,0,,,122.58,
10,3,32,1,2,2,1,,,122.58,
10,3,33,4,2,2,2,,,122.58,
10,3,34,2,3,3,4,,,122.58,
10,3,35,4,1,1,4,,,122.58,
10,3,36,1,2,2,1,,,122.58,
10,3,37,2,1,1,3,,,122.58,
10,3,38,2,0,0,2,,,122.58,
10,3,39,4,4,4,1,,,122.58,
10,3,40,4,3,3,2,,,122.58,
10,3,41,0,0,0,1,,,122.58,
10,3,42,3,1,1,1,,,122.58,
10,3,43,3,0,0,0,,,122.58,
10,3,44,1,4,4,4,,,122.58,
10,3,45,0,1,0,1,,,122.58,
10,3,46,2,2,2,0,,,122.58,
10,3,47,0,4,4,2,,,122.58,
10,3,48,1,4,4,1,,,122.58,
10,3,49,2,1,1,4,,,122.58,
10,3,50,4,1,1,1,,,122.58,
10,3,51,1,1,1,4,,,122.58,
10,3,52,4,0,0,3,,,122.58,
10,3,53,3,2,2,1,,,122.58,
10,3,54,2,4,4,2,,,122.58,
10,3,55,4,0,0,0,,,122.58,
10,3,56,3,0,0,0,,,122.58,
10,3,57,0,0,0,4,,,122.58,
10,3,58,1,1,1,3,,,122.58,
10,3,59,4,2,2,1,,,122.58,
10,3,60,3,0,0,4,,,122.58,
10,3,61,2,2,2,2,,,122.58,
10,3,62,2,0,4,2,,,122.58,
10,3,63,1,2,2,3,,,122.58,
10,3,64,1,0,2,2,,,122.58,
10,3,65,3,4,4,0,,,122.58,
10,3,66,0,3,3,1,,,122.58,
10,3,67,0,1,1,1,,,122.58,
10,3,68,4,3,3,2,,,122.58,
10,3,69,1,2,2,1,,,122.58,
10,3,70,4,4,4,1,,,122.58,
10,3,71,4,3,3,4,,,122.58,
10,3,72,3,2,2,3,,,122.58,
10,3,73,0,4,4,3,,,122.58,
10,3,74,2,4,4,3,,,122.58,
10,3,75,2,2,1,0,,,122.58,
10,3,76,3,3,3,1,,,122.58,
10,3,77,2,4,4,3,,,122.58,
10,3,78,2,4,4,4,,,122.58,
10,3,79,3,0,0,0,,,122.58,
10,3,80,0,4,4,2,,,122.58,
10,3,81,4,0,0,1,,,122.58,
10,3,82,1,2,1,2,,,122.58,
10,3,83,0,4,4,1,,,122.58,
10,3,84,0,4,4,0,,,122.58,
10,3,85,3,2,0,1,,,122.58,
10,3,86,2,1,1,0,,,122.58,
10,3,87,2,2,2,3,,,122.58,
10,3,88,2,4,4,4,,,122.58,
10,3,89,0,1,1,4,,,122.58,
10,3,90,0,0,1,2,,,122.58,
10,3,91,2,0,0,0,,,122.58,
10,3,92,2,3,3,0,,,122.58,
10,3,93,0,0,0,4,,,122.58,
10,3,94,0,2,2,0,,,122.58,
10,3,95,1,4,4,0,,,122.58,
10,3,96,3,3,3,0,,,122.58,
10,3,97,0,4,4,2,,,122.58,
10,3,98,4,4,0,2,,,122.58,
10,3,99,3,4,4,0,,,122.58,
10,4,0,1,0,0,3,,,122.58,
10,4,1,3,3,3,0,,,122.58,
10,4,2,2,2,2,4,,,122.58,
10,4,3,1,3,3,0,,,122.58,
10,4,4,3,4,4,3,,,122.58,
10,4,5,4,3,3,0,,,122.58,
10,4,6,0,3,3,2,,,122.58,
10,4,7,1,3,3,1,,,122.58,
10,4,8,4,0,0,2,,,122.58,
10,4,9,0,3,3,2,,,122.58,
10,4,10,2,4,4,2,,,122.58,
10,4,11,3,0,0,1,,,122.58,
10,4,12,4,0,0,4,,,122.58,
10,4,13,1,2,2,0,,,122.58,
10,4,14,4,2,2,4,,,122.58,
10,4,15,2,4,4,3,,,122.58,
10,4,16,2,4,4,1,,,122.58,
10,4,17,4,4,4,4,,,122.58,
10,4,18,3,0,0,3,,,122.58,
10,4,19,1,4,4,1,,,122.58,
10,4,20,1,2,2,2,,,122.58,
10,4,21,4,1,1,0,,,122.58,
10,4,22,2,1,1,2,,,122.58,
10,4,23,0,2,2,0,,,122.58,
10,4,24,1,1,4,4,,,122.58,
10,4,25,4,0,0,2,,,122.58,
10,4,26,1,3,3,1,,,122.58,
10,4,27,0,1,1,3,,,122.58,
10,4,28,4,4,4,2,,,122.58,
10,4,29,1,1,1,0,,,122.58,
10,4,30,4,3,3,1,,,122.58,
10,4,31,1,4,4,1,,,122.58,
10,4,32,0,2,2,0,,,122.58,
10,4,33,2,4,4,2,,,122.58,
10,4,34,0,3,3,1,,,122.58,
10,4,35,4,1,1,4,,,122.58,
10,4,36,1,3,3,0,,,122.58,
10,4,37,4,1,1,1,,,122.58,
10,4,38,2,1,1,2,,,122.58,
10,4,39,4,0,1,1,,,122.58,
10,4,40,1,4,4,4,,,122.58,
10,4,41,2,0,0,1,,,122.58,
10,4,42,4,4,4,2,,,122.58,
10,4,43,2,2,2,4,,,122.58,
10,4,44,3,3,3,1,,,122.58,
10,4,45,0,3,3,4,,,122.58,
10,4,46,0,4,4,0,,,122.58,
10,4,47,3,0,0,2,,,122.58,
10,4,48,4,1,1,3,,,122.58,
10,4,49,4,0,0,1,,,122.58,
10,4,50,1,0,0,4,,,122.58,
10,4,51,4,1,1,4,,,122.58,
10,4,52,3,0,0,1,,,122.58,
10,4,53,3,4,4,3,,,122.58,
10,4,54,4,4,4,1,,,122.58,
10,4,55,0,2,2,4,,,122.58,
10,4,56,3,0,0,1,,,122.58,
10,4,57,0,0,0,3,,,122.58,
10,4,58,3,3,3,3,,,122.58,
10,4,59,1,1,1,3,,,122.58,
10,4,60,0,4,4,4,,,122.58,
10,4,61,4,1,1,2,,,122.58,
10,4,62,4,0,0,4,,,122.58,
10,4,63,2,2,2,0,,,122.58,
10,4,64,3,0,0,0,,,122.58,
10,4,65,0,2,2,4,,,122.58,
10,4,66,3,1,1,0,,,122.58,
10,4,67,1,0,0,3,,,122.58,
10,4,68,1,2,2,4,,,122.58,
10,4,69,4,2,2,1,,,122.58,
10,4,70,0,2,2,0,,,122.58,
10,4,71,0,2,2,2,,,122.58,
10,4,72,4,3,3,0,,,122.58,
10,4,73,0,1,1,0,,,122.58,
10,4,74,3,4,4,4,,,122.58,
10,4,75,3,3,3,2,,,122.58,
10,4,76,1,1,1,1,,,122.58,
10,4,77,4,4,4,3,,,122.58,
10,4,78,3,3,3,0,,,122.58,
10,4,79,0,0,0,4,,,122.58,
10,4,80,0,1,1,3,,,122.58,
10,4,81,1,1,1,0,,,122.58,
10,4,82,3,1,1,0,,,122.58,
10,4,83,3,0,0,1,,,122.58,
10,4,84,1,4,4,2,,,122.58,
10,4,85,0,2,2,4,,,122.58,
10,4,86,0,4,3,2,,,122.58,
10,4,87,3,2,2,3,,,122.58,
10,4,88,4,2,2,3,,,122.58,
10,4,89,2,1,1,3,,,122.58,
10,4,90,2,3,3,2,,,122.58,
10,4,91,4,3,3,2,,,122.58,
10,4,92,0,2,2,4,,,122.58,
10,4,93,4,4,2,4,,,122.58,
10,4,94,2,3,3,1,,,122.58,
10,4,95,3,4,4,4,,,122.58,
10,4,96,1,0,0,1,,,122.58,
10,4,97,4,3,3,1,,,122.58,
10,4,98,1,0,0,1,,,122.58,
10,4,99,1,2,2,4,,,122.58,
10,5,0,4,4,4,4,,,122.58,
10,5,1,0,2,2,1,,,122.58,
10,5,2,0,2,2,0,,,122.58,
10,5,3,2,1,1,4,,,122.58,
10,5,4,2,2,2,0,,,122.58,
10,5,5,4,1,1,1,,,122.58,
10,5,6,3,0,0,3,,,122.58,
10,5,7,0,2,2,3,,,122.58,
10,5,8,3,2,2,2,,,122.58,
10,5,9,2,0,0,4,,,122.58,
10,5,10,4,0,0,2,,,122.58,
10,5,11,4,2,2,0,,,122.58,
10,5,12,4,1,1,1,,,122.58,
10,5,13,3,1,1,0,,,122.58,
10,5,14,3,1,1,3,,,122.58,
10,5,15,0,3,3,4,,,122.58,
10,5,16,1,4,4,3,,,122.58,
10,5,17,4,3,3,2,,,122.58,
10,5,18,2,4,4,3,,,122.58,
10,5,19,3,1,1,3,,,122.58,
10,5,20,2,1,1,4,,,122.58,
10,5,21,2,3,3,4,,,122.58,
10,5,22,3,4,4,2,,,122.58,
10,5,23,2,3,3,1,,,122.58,
10,5,24,4,4,4,0,,,122.58,
10,5,25,0,1,1,0,,,122.58,
10,5,26,2,0,0,3,,,122.58,
10,5,27,0,0,0,0,,,122.58,
10,5,28,3,3,3,4,,,122.58,
10,5,29,0,3,3,4,,,122.58,
10,5,30,4,2,4,4,,,122.58,
10,5,31,2,4,4,4,,,122.58,
10,5,32,2,4,4,2,,,122.58,
10,5,33,2,2,2,0,,,122.58,
10,5,34,2,4,4,3,,,122.58,
10,5,35,3,3,3,2,,,122.58,
10,5,36,1,1,1,0,,,122.58,
10,5,37,0,4,4,2,,,122.58,
10,5,38,4,4,4,1,,,122.58,
10,5,39,2,2,2,1,,,122.58,
10,5,40,1,0,0,2,,,122.58,
10,5,41,2,2,2,3,,,122.58,
10,5,42,3,4,4,1,,,122.58,
10,5,43,1,2,2,1,,,122.58,
10,5,44,4,0,0,4,,,122.58,
10,5,45,0,4,4,2,,,122.58,
10,5,46,3,1,1,2,,,122.58,
10,5,47,3,1,1,4,,,122.58,
10,5,48,1,3,2,4,,,122.58,
10,5,49,4,0,0,4,,,122.58,
10,5,50,3,1,1,2,,,122.58,
10,5,51,4,4,4,1,,,122.58,
10,5,52,1,2,2,3,,,122.58,
10,5,53,0,2,2,0,,,122.58,
10,5,54,0,0,0,0,,,122.58,
10,5,55,0,2,2,1,,,122.58,
10,5,56,1,1,1,3,,,122.58,
10,5,57,1,0,0,3,,,122.58,
10,5,58,4,3,3,2,,,122.58,
10,5,59,1,4,4,2,,,122.58,
10,5,60,3,0,0,1,,,122.58,
10,5,61,1,0,0,3,,,122.58,
10,5,62,0,4,4,4,,,122.58,
10,5,63,4,1,1,4,,,122.58,
10,5,64,0,3,3,2,,,122.58,
10,5,65,4,1,1,1,,,122.58,
10,5,66,2,1,1,4,,,122.58,
10,5,67,4,3,3,2,,,122.58,
10,5,68,3,3,3,4,,,122.58,
10,5,69,0,0,0,2,,,122.58,
10,5,70,3,0,0,3,,,122.58,
10,5,71,4,1,1,0,,,122.58,
10,5,72,2,1,1,1,,,122.58,
10,5,73,1,1,1,4,,,122.58,
10,5,74,3,0,0,2,,,122.58,
10,5,75,3,1,1,3,,,122.58,
10,5,76,0,0,0,4,,,122.58,
10,5,77,4,0,0,0,,,122.58,
10,5,78,3,0,0,2,,,122.58,
10,5,79,2,0,0,4,,,122.58,
10,5,80,3,3,3,0,,,122.58,
10,5,81,1,2,2,2,,,122.58,
10,5,82,2,2,2,3,,,122.58,
10,5,83,0,4,4,0,,,122.58,
10,5,84,3,1,1,3,,,122.58,
10,5,85,0,2,2,1,,,122.58,
10,5,86,1,4,4,0,,,122.58,
10,5,87,2,1,1,0,,,122.58,
10,5,88,1,2,2,4,,,122.58,
10,5,89,4,1,1,3,,,122.58,
10,5,90,3,2,2,4,,,122.58,
10,5,91,3,0,0,2,,,122.58,
10,5,92,0,3,3,3,,,122.58,
10,5,93,1,0,0,0,,,122.58,
10,5,94,4,2,2,4,,,122.58,
10,5,95,3,2,2,1,,,122.58,
10,5,96,0,3,3,1,,,122.58,
10,5,97,1,1,1,1,,,122.58,
10,5,98,2,1,1,2,,,122.58,
10,5,99,3,2,2,3,,,122.58,
10,6,0,2,1,1,4,,,122.58,
10,6,1,4,4,4,0,,,122.58,
10,6,2,2,4,4,4,,,122.58,
10,6,3,3,1,1,3,,,122.58,
10,6,4,1,0,0,3,,,122.58,
10,6,5,3,3,3,0,,,122.58,
10,6,6,3,2,2,1,,,122.58,
10,6,7,4,2,2,1,,,122.58,
10,6,8,0,3,3,3,,,122.58,
10,6,9,3,4,4,3,,,122.58,
10,6,10,4,0,0,0,,,122.58,
10,6,11,0,1,1,2,,,122.58,
10,6,12,2,4,4,4,,,122.58,
10,6,13,3,2,2,0,,,122.58,
10,6,14,0,4,4,0,,,122.58,
10,6,15,3,2,2,3,,,122.58,
10,6,16,2,1,1,3,,,122.58,
10,6,17,4,0,0,4,,,122.58,
10,6,18,2,0,0,1,,,122.58,
10,6,19,3,3,3,2,,,122.58,
10,6,20,1,2,2,3,,,122.58,
10,6,21,1,3,3,3,,,122.58,
10,6,22,4,2,2,1,,,122.58,
10,6,23,4,0,0,3,,,122.58,
10,6,24,4,4,4,3,,,122.58,
10,6,25,0,3,3,2,,,122.58,
10,6,26,3,4,4,1,,,122.58,
10,6,27,1,0,0,4,,,122.58,
10,6,28,1,4,4,1,,,122.58,
10,6,29,2,3,3,0,,,122.58,
10,6,30,1,1,1,4,,,122.58,
10,6,31,0,2,2,2,,,122.58,
10,6,32,3,0,0,0,,,122.58,
10,6,33,4,1,1,3,,,122.58,
10,6,34,1,3,3,4,,,122.58,
10,6,35,4,3,3,1,,,122.58,
10,6,36,0,0,0,0,,,122.58,
10,6,37,2,1,1,2,,,122.58,
10,6,38,2,1,1,4,,,122.58,
10,6,39,2,3,3,2,,,122.58,
10,6,40,2,1,1,3,,,122.58,
10,6,41,3,0,0,0,,,122.58,
10,6,42,2,0,0,4,,,122.58,
10,6,43,2,4,4,0,,,122.58,
10,6,44,0,2,2,3,,,122.58,
10,6,45,0,4,4,1,,,122.58,
10,6,46,1,4,4,2,,,122.58,
10,6,47,1,4,4,0,,,122.58,
10,6,48,4,2,2,1,,,122.58,
10,6,49,0,1,1,2,,,122.58,
10,6,50,4,1,1,0,,,122.58,
10,6,51,4,2,2,0,,,122.58,
10,6,52,0,4,4,2,,,122.58,
10,6,53,2,3,3,3,,,122.58,
10,6,54,1,1,1,1,,,122.58,
10,6,55,0,4,4,2,,,122.58,
10,6,56,1,4,4,4,,,122.58,
10,6,57,2,3,3,1,,,122.58,
10,6,58,3,4,4,1,,,122.58,
10,6,59,3,3,3,4,,,122.58,
10,6,60,1,3,3,0,,,122.58,
10,6,61,3,3,3,4,,,122.58,
10,6,62,1,1,1,0,,,122.58,
10,6,63,2,0,0,1,,,122.58,
10,6,64,3,4,4,3,,,122.58,
10,6,65,2,2,2,0,,,122.58,
10,6,66,4,0,0,2,,,122.58,
10,6,67,4,3,3,4,,,122.58,
10,6,68,0,3,3,0,,,122.58,
10,6,69,1,0,0,3,,,122.58,
10,6,70,4,0,0,4,,,122.58,
10,6,71,2,3,3,1,,,122.58,
10,6,72,2,1,1,1,,,122.58,
10,6,73,1,0,0,0,,,122.58,
10,6,74,2,2,2,1,,,122.58,
10,6,75,1,1,1,1,,,122.58,
10,6,76,2,3,3,0,,,122.58,
10,6,77,0,4,4,2,,,122.58,
10,6,78,3,2,2,1,,,122.58,
10,6,79,1,3,3,0,,,122.58,
10,6,80,0,3,3,4,,,122.58,
10,6,81,2,2,2,3,,,122.58,
10,6,82,0,0,0,3,,,122.58,
10,6,83,4,2,2,3,,,122.58,
10,6,84,2,1,1,3,,,122.58,
10,6,85,2,2,2,1,,,122.58,
10,6,86,2,1,1,3,,,122.58,
10,6,87,3,4,4,4,,,122.58,
10,6,88,3,0,0,0,,,122.58,
10,6,89,1,2,2,1,,,122.58,
10,6,90,4,2,2,3,,,122.58,
10,6,91,4,2,2,3,,,122.58,
10,6,92,4,4,4,4,,,122.58,
10,6,93,3,3,3,2,,,122.58,
10,6,94,3,4,4,0,,,122.58,
10,6,95,4,3,3,2,,,122.58,
10,6,96,4,4,4,3,,,122.58,
10,6,97,0,2,2,3,,,122.58,
10,6,98,4,2,2,3,,,122.58,
10,6,99,1,2,2,2,,,122.58,
10,7,0,3,2,2,3,,,122.58,
10,7,1,3,2,2,4,,,122.58,
10,7,2,2,3,3,0,,,122.58,
10,7,3,1,0,0,0,,,122.58,
10,7,4,3,1,1,0,,,122.58,
10,7,5,1,4,4,0,,,122.58,
10,7,6,2,1,1,0,,,122.58,
10,7,7,2,0,0,1,,,122.58,
10,7,8,0,3,3,2,,,122.58,
10,7,9,4,0,0,2,,,122.58,
10,7,10,0,4,4,0,,,122.58,
10,7,11,4,4,4,2,,,122.58,
10,7,12,2,4,4,2,,,122.58,
10,7,13,2,1,1,1,,,122.58,
10,7,14,3,2,2,0,,,122.58,
10,7,15,0,0,0,4,,,122.58,
10,7,16,1,4,4,3,,,122.58,
10,7,17,0,2,2,4,,,122.58,
10,7,18,0,0,0,0,,,122.58,
10,7,19,0,3,3,3,,,122.58,
10,7,20,3,2,2,4,,,122.58,
10,7,21,4,2,2,4,,,122.58,
10,7,22,3,3,3,0,,,122.58,
10,7,23,2,4,4,3,,,122.58,
10,7,24,4,3,3,1,,,122.58,
10,7,25,4,3,3,2,,,122.58,
10,7,26,3,3,3,4,,,122.58,
10,7,27,2,1,1,1,,,122.58,
10,7,28,3,3,3,1,,,122.58,
10,7,29,2,3,3,4,,,122.58,
10,7,30,3,1,1,0,,,122.58,
10,7,31,3,4,4,3,,,122.58,
10,7,32,4,3,3,4,,,122.58,
10,7,33,4,0,0,4,,,122.58,
10,7,34,3,1,1,4,,,122.58,
10,7,35,3,2,2,4,,,122.58,
10,7,36,2,2,2,0,,,122.58,
10,7,37,3,2,2,1,,,122.58,
10,7,38,1,4,4,3,,,122.58,
10,7,39,1,3,3,2,,,122.58,
10,7,40,4,0,0,0,,,122.58,
10,7,41,3,4,4,4,,,122.58,
10,7,42,3,4,4,2,,,122.58,
10,7,43,4,1,1,3,,,122.58,
10,7,44,0,1,1,3,,,122.58,
10,7,45,4,4,4,3,,,122.58,
10,7,46,2,2,2,3,,,122.58,
10,7,47,0,1,1,4,,,122.58,
10,7,48,2,4,4,2,,,122.58,
10,7,49,4,3,3,2,,,122.58,
10,7,50,2,3,3,0,,,122.58,
10,7,51,1,1,1,2,,,122.58,
10,7,52,0,4,4,2,,,122.58,
10,7,53,2,0,0,0,,,122.58,
10,7,54,2,2,2,0,,,122.58,
10,7,55,3,4,4,4,,,122.58,
10,7,56,1,3,3,3,,,122.58,
10,7,57,1,0,0,2,,,122.58,
10,7,58,1,1,1,1,,,122.58,
10,7,59,4,2,2,1,,,122.58,
10,7,60,3,2,2,0,,,122.58,
10,7,61,4,1,1,4,,,122.58,
10,7,62,3,1,1,0,,,122.58,
10,7,63,0,3,3,1,,,122.58,
10,7,64,1,2,2,3,,,122.58,
10,7,65,1,1,1,4,,,122.58,
10,7,66,4,3,3,4,,,122.58,
10,7,67,1,4,4,3,,,122.58,
10,7,68,4,0,0,2,,,122.58,
10,7,69,0,0,0,1,,,122.58,
10,7,70,4,3,3,2,,,122.58,
10,7,71,0,4,4,4,,,122.58,
10,7,72,0,3,3,4,,,122.58,
10,7,73,2,4,4,0,,,122.58,
10,7,74,4,0,0,3,,,122.58,
10,7,75,3,0,0,1,,,122.58,
10,7,76,0,2,2,3,,,122.58,
10,7,77,2,1,1,0,,,122.58,
10,7,78,1,3,3,0,,,122.58,
10,7,79,0,1,1,4,,,122.58,
10,7,80,4,3,3,2,,,122.58,
10,7,81,3,4,4,1,,,122.58,
10,7,82,2,1,1,4,,,122.58,
10,7,83,0,1,1,0,,,122.58,
10,7,84,1,2,2,1,,,122.58,
10,7,85,4,4,4,1,,,122.58,
10,7,86,3,4,4,3,,,122.58,
10,7,87,0,4,4,1,,,122.58,
10,7,88,1,4,4,0,,,122.58,
10,7,89,1,2,2,0,,,122.58,
10,7,90,2,0,0,0,,,122.58,
10,7,91,4,1,1,1,,,122.58,
10,7,92,1,1,1,0,,,122.58,
10,7,93,2,0,0,0,,,122.58,
10,7,94,4,0,0,3,,,122.58,
10,7,95,3,1,1,0,,,122.58,
10,7,96,3,1,1,0,,,122.58,
10,7,97,4,3,3,4,,,122.58,
10,7,98,4,0,0,0,,,122.58,
10,7,99,3,4,4,4,,,122.58,
10,8,0,3,2,2,1,,,122.58,
10,8,1,2,0,0,3,,,122.58,
10,8,2,0,3,3,0,,,122.58,
10,8,3,0,2,2,3,,,122.58,
10,8,4,4,3,3,1,,,122.58,
10,8,5,4,1,1,4,,,122.58,
10,8,6,3,3,3,1,,,122.58,
10,8,7,4,1,1,0,,,122.58,
10,8,8,4,4,4,3,,,122.58,
10,8,9,3,4,4,4,,,122.58,
10,8,10,0,1,1,4,,,122.58,
10,8,11,3,2,2,1,,,122.58,
10,8,12,4,2,2,0,,,122.58,
10,8,13,2,3,3,1,,,122.58,
10,8,14,1,1,1,0,,,122.58,
10,8,15,3,3,3,4,,,122.58,
10,8,16,3,3,3,3,,,122.58,
10,8,17,4,3,3,1,,,122.58,
10,8,18,3,4,4,4,,,122.58,
10,8,19,3,0,0,3,,,122.58,
10,8,20,3,3,3,3,,,122.58,
10,8,21,0,2,2,2,,,122.58,
10,8,22,3,4,4,1,,,122.58,
10,8,23,1,1,1,0,,,122.58,
10,8,24,0,3,3,4,,,122.58,
10,8,25,0,1,1,4,,,122.58,
10,8,26,1,4,4,2,,,122.58,
10,8,27,3,1,1,3,,,122.58,
10,8,28,2,4,4,4,,,122.58,
10,8,29,0,1,1,3,,,122.58,
10,8,30,3,0,0,1,,,122.58,
10,8,31,0,3,3,1,,,122.58,
10,8,32,4,0,0,0,,,122.58,
10,8,33,3,2,2,1,,,122.58,
10,8,34,3,0,0,4,,,122.58,
10,8,35,0,4,4,1,,,122.58,
10,8,36,2,1,1,1,,,122.58,
10,8,37,3,0,0,4,,,122.58,
10,8,38,1,4,4,3,,,122.58,
10,8,39,0,4,4,0,,,122.58,
10,8,40,4,4,4,4,,,122.58,
10,8,41,0,0,0,0,,,122.58,
10,8,42,0,0,0,0,,,122.58,
10,8,43,3,3,3,0,,,122.58,
10,8,44,3,2,2,1,,,122.58,
10,8,45,4,4,4,2,,,122.58,
10,8,46,4,1,1,1,,,122.58,
10,8,47,2,0,0,1,,,122.58,
10,8,48,0,4,4,4,,,122.58,
10,8,49,0,2,2,1,,,122.58,
10,8,50,4,4,4,4,,,122.58,
10,8,51,3,1,1,2,,,122.58,
10,8,52,4,0,0,2,,,122.58,
10,8,53,1,3,3,1,,,122.58,
10,8,54,1,0,0,1,,,122.58,
10,8,55,0,3,3,2,,,122.58,
10,8,56,2,2,2,3,,,122.58,
10,8,57,0,4,4,0,,,122.58,
10,8,58,4,4,4,3,,,122.58,
10,8,59,3,2,2,2,,,122.58,
10,8,60,2,4,4,4,,,122.58,
10,8,61,4,2,2,3,,,122.58,
10,8,62,1,1,1,2,,,122.58,
10,8,63,4,1,1,3,,,122.58,
10,8,64,0,2,2,0,,,122.58,
10,8,65,1,2,2,3,,,122.58,
10,8,66,3,1,1,2,,,122.58,
10,8,67,3,0,0,0,,,122.58,
10,8,68,1,2,2,1,,,122.58,
10,8,69,4,2,2,1,,,122.58,
10,8,70,0,1,1,3,,,122.58,
10,8,71,1,1,1,4,,,122.58,
10,8,72,0,1,1,3,,,122.58,
10,8,73,1,1,1,0,,,122.58,
10,8,74,4,0,0,0,,,122.58,
10,8,75,2,2,2,0,,,122.58,
10,8,76,0,2,2,1,,,122.58,
10,8,77,0,3,3,2,,,122.58,
10,8,78,2,1,1,2,,,122.58,
10,8,79,3,3,3,3,,,122.58,
10,8,80,2,1,1,4,,,122.58,
10,8,81,1,1,1,1,,,122.58,
10,8,82,2,0,0,4,,,122.58,
10,8,83,1,3,3,0,,,122.58,
10,8,84,2,4,4,3,,,122.58,
10,8,85,1,2,2,1,,,122.58,
10,8,86,4,1,1,4,,,122.58,
10,8,87,4,1,1,0,,,122.58,
10,8,88,0,1,1,1,,,122.58,
10,8,89,2,2,2,3,,,122.58,
10,8,90,2,3,3,4,,,122.58,
10,8,91,1,0,0,0,,,122.58,
10,8,92,4,3,3,4,,,122.58,
10,8,93,4,4,4,3,,,122.58,
10,8,94,1,2,2,3,,,122.58,
10,8,95,0,3,3,1,,,122.58,
10,8,96,2,2,2,2,,,122.58,
10,8,97,0,3,3,2,,,122.58,
10,8,98,3,3,3,3,,,122.58,
10,8,99,4,4,4,2,,,122.58,
10,9,0,4,3,3,1,,,122.58,
10,9,1,3,0,0,2,,,122.58,
10,9,2,3,1,1,0,,,122.58,
10,9,3,2,3,3,2,,,122.58,
10,9,4,2,0,0,4,,,122.58,
10,9,5,3,3,3,3,,,122.58,
10,9,6,1,4,4,0,,,122.58,
10,9,7,4,2,2,1,,,122.58,
10,9,8,3,4,4,4,,,122.58,
10,9,9,1,2,2,4,,,122.58,
10,9,10,4,4,4,4,,,122.58,
10,9,11,0,0,0,2,,,122.58,
10,9,12,3,4,4,2,,,122.58,
10,9,13,4,1,1,3,,,122.58,
10,9,14,3,4,4,4,,,122.58,
10,9,15,0,0,0,0,,,122.58,
10,9,16,3,4,4,3,,,122.58,
10,9,17,2,1,1,1,,,122.58,
10,9,18,2,2,2,1,,,122.58,
10,9,19,3,3,3,2,,,122.58,
10,9,20,1,3,3,0,,,122.58,
10,9,21,4,4,4,1,,,122.58,
10,9,22,4,0,0,1,,,122.58,
10,9,23,4,3,3,1,,,122.58,
10,9,24,0,4,4,3,,,122.58,
10,9,25,3,0,0,1,,,122.58,
10,9,26,0,0,0,2,,,122.58,
10,9,27,4,3,3,2,,,122.58,
10,9,28,0,3,3,4,,,122.58,
10,9,29,4,2,2,2,,,122.58,
10,9,30,1,4,4,1,,,122.58,
10,9,31,1,1,1,0,,,122.58,
10,9,32,3,4,4,3,,,122.58,
10,9,33,4,1,1,4,,,122.58,
10,9,34,0,4,4,3,,,122.58,
10,9,35,0,1,1,3,,,122.58,
10,9,36,3,2,2,0,,,122.58,
10,9,37,4,0,0,1,,,122.58,
10,9,38,0,0,0,4,,,122.58,
10,9,39,0,2,2,2,,,122.58,
10,9,40,3,1,1,4,,,122.58,
10,9,41,3,0,0,3,,,122.58,
10,9,42,3,4,4,4,,,122.58,
10,9,43,1,4,4,1,,,122.58,
10,9,44,2,1,1,4,,,122.58,
10,9,45,2,3,3,1,,,122.58,
10,9,46,4,0,0,4,,,122.58,
10,9,47,4,2,2,1,,,122.58,
10,9,48,3,4,4,4,,,122.58,
10,9,49,3,1,1,4,,,122.58,
10,9,50,2,3,3,0,,,122.58,
10,9,51,3,2,2,1,,,122.58,
10,9,52,4,4,4,0,,,122.58,
10,9,53,1,2,2,4,,,122.58,
10,9,54,2,3,3,1,,,122.58,
10,9,55,4,1,1,1,,,122.58,
10,9,56,1,1,1,1,,,122.58,
10,9,57,1,2,2,4,,,122.58,
10,9,58,4,2,2,3,,,122.58,
10,9,59,0,2,2,1,,,122.58,
10,9,60,4,0,0,3,,,122.58,
10,9,61,0,1,1,3,,,122.58,
10,9,62,2,4,4,1,,,122.58,
10,9,63,2,1,1,2,,,122.58,
10,9,64,1,4,4,3,,,122.58,
10,9,65,2,2,2,0,,,122.58,
10,9,66,3,1,1,2,,,122.58,
10,9,67,2,0,0,4,,,122.58,
10,9,68,3,0,0,4,,,122.58,
10,9,69,4,3,3,2,,,122.58,
10,9,70,1,0,0,2,,,122.58,
10,9,71,0,1,1,1,,,122.58,
10,9,72,4,4,4,2,,,122.58,
10,9,73,1,2,2,1,,,122.58,
10,9,74,4,0,0,2,,,122.58,
10,9,75,4,4,4,2,,,122.58,
10,9,76,0,4,4,1,,,122.58,
10,9,77,4,0,0,3,,,122.58,
10,9,78,3,4,4,4,,,122.58,
10,9,79,4,3,3,0,,,122.58,
10,9,80,1,1,1,0,,,122.58,
10,9,81,3,0,0,1,,,122.58,
10,9,82,2,2,2,0,,,122.58,
10,9,83,3,2,2,2,,,122.58,
10,9,84,3,2,2,2,,,122.58,
10,9,85,3,1,1,1,,,122.58,
10,9,86,0,1,1,3,,,122.58,
10,9,87,2,2,2,4,,,122.58,
10,9,88,1,4,4,4,,,122.58,
10,9,89,4,4,4,0,,,122.58,
10,9,90,2,0,0,0,,,122.58,
10,9,91,3,0,0,1,,,122.58,
10,9,92,0,4,4,1,,,122.58,
10,9,93,0,3,3,3,,,122.58,
10,9,94,2,4,4,2,,,122.58,
10,9,95,3,2,2,3,,,122.58,
10,9,96,0,0,0,1,,,122.58,
10,9,97,4,4,4,0,,,122.58,
10,9,98,1,2,2,4,,,122.58,
10,9,99,1,2,2,4,,,122.58,
10,10,0,4,1,1,3,,,122.58,
10,10,1,0,4,4,0,,,122.58,
10,10,2,0,0,0,4,,,122.58,
10,10,3,4,1,1,2,,,122.58,
10,10,4,3,0,0,0,,,122.58,
10,10,5,4,2,2,0,,,122.58,
10,10,6,4,1,1,2,,,122.58,
10,10,7,4,3,3,0,,,122.58,
10,10,8,2,1,1,3,,,122.58,
10,10,9,1,2,2,2,,,122.58,
10,10,10,0,1,1,3,,,122.58,
10,10,11,2,4,4,0,,,122.58,
10,10,12,2,0,0,0,,,122.58,
10,10,13,0,3,3,4,,,122.58,
10,10,14,0,1,1,0,,,122.58,
10,10,15,4,3,3,1,,,122.58,
10,10,16,1,2,2,1,,,122.58,
10,10,17,1,1,1,4,,,122.58,
10,10,18,2,4,4,3,,,122.58,
10,10,19,0,2,2,0,,,122.58,
10,10,20,4,1,1,3,,,122.58,
10,10,21,2,3,3,3,,,122.58,
10,10,22,1,0,0,0,,,122.58,
10,10,23,3,1,1,1,,,122.58,
10,10,24,4,0,0,2,,,122.58,
10,10,25,1,4,4,2,,,122.58,
10,10,26,1,2,2,4,,,122.58,
10,10,27,2,0,0,0,,,122.58,
10,10,28,0,3,3,4,,,122.58,
10,10,29,2,4,4,4,,,122.58,
10,10,30,1,1,1,2,,,122.58,
10,10,31,1,2,2,0,,,122.58,
10,10,32,2,4,4,0,,,122.58,
10,10,33,0,0,0,2,,,122.58,
10,10,34,0,4,4,4,,,122.58,
10,10,35,0,3,3,2,,,122.58,
10,10,36,1,0,0,1,,,122.58,
10,10,37,0,3,3,1,,,122.58,
10,10,38,3,4,4,1,,,122.58,
10,10,39,0,3,3,0,,,122.58,
10,10,40,3,2,2,2,,,122.58,
10,10,41,3,1,1,3,,,122.58,
10,10,42,2,3,3,3,,,122.58,
10,10,43,0,0,0,4,,,122.58,
10,10,44,4,2,2,2,,,122.58,
10,10,45,3,1,1,0,,,122.58,
10,10,46,2,3,3,4,,,122.58,
10,10,47,1,0,0,1,,,122.58,
10,10,48,3,1,1,4,,,122.58,
10,10,49,4,4,4,0,,,122.58,
10,10,50,2,2,2,2,,,122.58,
10,10,51,2,1,1,2,,,122.58,
10,10,52,4,0,0,2,,,122.58,
10,10,53,1,4,4,1,,,122.58,
10,10,54,4,1,1,4,,,122.58,
10,10,55,2,3,3,0,,,122.58,
10,10,56,0,4,4,4,,,122.58,
10,10,57,2,3,3,0,,,122.58,
10,10,58,2,2,2,3,,,122.58,
10,10,59,3,1,1,2,,,122.58,
10,10,60,1,4,4,4,,,122.58,
10,10,61,2,2,2,0,,,122.58,
10,10,62,1,0,0,1,,,122.58,
10,10,63,3,3,3,2,,,122.58,
10,10,64,0,3,3,0,,,122.58,
10,10,65,4,1,1,2,,,122.58,
10,10,66,1,0,0,0,,,122.58,
10,10,67,4,0,0,4,,,122.58,
10,10,68,2,3,3,2,,,122.58,
10,10,69,4,4,4,2,,,122.58,
10,10,70,0,1,1,4,,,122.58,
10,10,71,4,4,4,4,,,122.58,
10,10,72,1,2,2,4,,,122.58,
10,10,73,0,4,4,4,,,122.58,
10,10,74,0,1,1,2,,,122.58,
10,10,75,3,3,3,3,,,122.58,
10,10,76,0,2,2,0,,,122.58,
10,10,77,0,2,2,0,,,122.58,
10,10,78,3,2,2,1,,,122.58,
10,10,79,2,3,3,0,,,122.58,
10,10,80,0,1,1,2,,,122.58,
10,10,81,0,4,4,2,,,122.58,
10,10,82,1,3,3,1,,,122.58,
10,10,83,3,0,0,4,,,122.58,
10,10,84,0,1,1,2,,,122.58,
10,10,85,1,3,3,2,,,122.58,
10,10,86,3,0,0,4,,,122.58,
10,10,87,2,1,1,1,,,122.58,
10,10,88,3,4,4,2,,,122.58,
10,10,89,1,4,4,4,,,122.58,
10,10,90,2,4,4,0,,,122.58,
10,10,91,1,2,2,4,,,122.58,
10,10,92,4,2,2,4,,,122.58,
10,10,93,2,0,0,3,,,122.58,
10,10,94,0,1,1,1,,,122.58,
10,10,95,2,3,3,0,,,122.58,
10,10,96,1,1,1,3,,,122.58,
10,10,97,3,1,1,0,,,122.58,
10,10,98,1,3,3,3,,,122.58,
10,10,99,1,0,0,1,,,122.58,
20,0,0,3,-1,4,3,,,135.2,
20,0,1,1,-1,1,0,,,135.2,
20,0,2,1,-1,0,1,,,135.2,
20,0,3,0,-1,1,3,,,135.2,
20,0,4,4,-1,4,1,,,135.2,
20,0,5,0,-1,2,3,,,135.2,
20,0,6,2,-1,2,3,,,135.2,
20,0,7,1,-1,1,0,,,135.2,
20,0,8,4,-1,4,3,,,135.2,
20,0,9,0,-1,2,2,,,135.2,
20,0,10,4,-1,1,4,,,135.2,
20,0,11,4,-1,2,2,,,135.2,
20,0,12,1,-1,1,1,,,135.2,
20,0,13,4,-1,4,0,,,135.2,
20,0,14,3,-1,0,1,,,135.2,
20,0,15,1,-1,3,4,,,135.2,
20,0,16,3,-1,4,1,,,135.2,
20,0,17,1,-1,1,1,,,135.2,
20,0,18,0,-1,0,2,,,135.2,
20,0,19,3,-1,3,2,,,135.2,
20,0,20,1,-1,4,4,,,135.2,
20,0,21,3,-1,3,2,,,135.2,
20,0,22,2,-1,2,4,,,135.2,
20,0,23,0,-1,0,1,,,135.2,
20,0,24,0,-1,0,3,,,135.2,
20,0,25,4,-1,4,0,,,135.2,
20,0,26,1,-1,2,0,,,135.2,
20,0,27,1,-1,1,3,,,135.2,
20,0,28,2,-1,2,4,,,135.2,
20,0,29,3,-1,0,3,,,135.2,
20,0,30,2,-1,4,3,,,135.2,
20,0,31,4,-1,4,3,,,135.2,
20,0,32,3,-1,3,4,,,135.2,
20,0,33,3,-1,3,4,,,135.2,
20,0,34,0,-1,4,0,,,135.2,
20,0,35,3,-1,3,2,,,135.2,
20,0,36,4,-1,1,2,,,135.2,
20,0,37,4,-1,4,2,,,135.2,
20,0,38,1,-1,1,4,,,135.2,
20,0,39,0,-1,0,2,,,135.2,
20,0,40,3,-1,3,1,,,135.2,
20,0,41,2,-1,2,1,,,135.2,
20,0,42,4,-1,3,1,,,135.2,
20,0,43,1,-1,1,2,,,135.2,
20,0,44,2,-1,3,0,,,135.2,
20,0,45,2,-1,2,2,,,135.2,
20,0,46,1,-1,1,0,,,135.2,
20,0,47,3,-1,0,2,,,135.2,
20,0,48,3,-1,3,2,,,135.2,
20,0,49,1,-1,1,4,,,135.2,
20,0,50,0,-1,3,0,,,135.2,
20,0,51,4,-1,2,2,,,135.2,
20,0,52,0,-1,0,3,,,135.2,
20,0,53,0,-1,4,4,,,135.2,
20,0,54,0,-1,3,2,,,135.2,
20,0,55,0,-1,0,3,,,135.2,
20,0,56,2,-1,2,3,,,135.2,
20,0,57,0,-1,4,2,,,135.2,
20,0,58,4,-1,1,1,,,135.2,
20,0,59,2,-1,4,2,,,135.2,
20,0,60,1,-1,0,0,,,135.2,
20,0,61,4,-1,4,2,,,135.2,
20,0,62,2,-1,2,1,,,135.2,
20,0,63,3,-1,3,2,,,135.2,
20,0,64,2,-1,2,2,,,135.2,
20,0,65,4,-1,4,2,,,135.2,
20,0,66,1,-1,0,1,,,135.2,
20,0,67,0,-1,3,1,,,135.2,
20,0,68,0,-1,2,3,,,135.2,
20,0,69,4,-1,4,3,,,135.2,
20,0,70,3,-1,3,0,,,135.2,
20,0,71,3,-1,3,3,,,135.2,
20,0,72,3,-1,2,0,,,135.2,
20,0,73,0,-1,0,3,,,135.2,
20,0,74,1,-1,1,2,,,135.2,
20,0,75,4,-1,4,3,,,135.2,
20,0,76,1,-1,1,4,,,135.2,
20,0,77,0,-1,0,2,,,135.2,
20,0,78,2,-1,2,1,,,135.2,
20,0,79,4,-1,4,0,,,135.2,
20,0,80,4,-1,4,0,,,135.2,
20,0,81,0,-1,2,1,,,135.2,
20,0,82,3,-1,3,2,,,135.2,
20,0,83,4,-1,4,1,,,135.2,
20,0,84,1,-1,4,0,,,135.2,
20,0,85,0,-1,0,4,,,135.2,
20,0,86,3,-1,3,0,,,135.2,
20,0,87,4,-1,4,3,,,135.2,
20,0,88,0,-1,2,0,,,135.2,
20,0,89,3,-1,3,3,,,135.2,
20,0,90,1,-1,0,2,,,135.2,
20,0,91,4,-1,4,1,,,135.2,
20,0,92,4,-1,4,0,,,135.2,
20,0,93,3,-1,2,4,,,135.2,
20,0,94,4,-1,4,1,,,135.2,
20,0,95,4,-1,4,4,,,135.2,
20,0,96,4,-1,0,4,,,135.2,
20,0,97,2,-1,0,1,,,135.2,
20,0,98,3,-1,3,2,,,135.2,
20,0,99,3,-1,3,0,,,135.2,
20,1,0,1,4,1,0,,,135.2,
20,1,1,3,3,3,2,,,135.2,
20,1,2,1,1,1,3,,,135.2,
20,1,3,0,0,0,4,,,135.2,
20,1,4,2,4,4,0,,,135.2,
20,1,5,1,1,4,1,,,135.2,
20,1,6,3,2,3,4,,,135.2,
20,1,7,4,2,2,4,,,135.2,
20,1,8,4,2,2,4,,,135.2,
20,1,9,0,1,0,3,,,135.2,
20,1,10,0,3,0,1,,,135.2,
20,1,11,2,2,4,4,,,135.2,
20,1,12,2,3,2,4,,,135.2,
20,1,13,4,2,4,0,,,135.2,
20,1,14,4,4,4,1,,,135.2,
20,1,15,0,3,3,2,,,135.2,
20,1,16,4,1,4,4,,,135.2,
20,1,17,3,4,4,0,,,135.2,
20,1,18,4,0,0,4,,,135.2,
20,1,19,1,2,4,2,,,135.2,
20,1,20,4,4,4,1,,,135.2,
20,1,21,1,1,1,2,,,135.2,
20,1,22,2,3,4,4,,,135.2,
20,1,23,4,3,3,3,,,135.2,
20,1,24,0,4,2,0,,,135.2,
20,1,25,2,3,3,2,,,135.2,
20,1,26,1,2,4,4,,,135.2,
20,1,27,1,4,4,4,,,135.2,
20,1,28,0,4,0,0,,,135.2,
20,1,29,4,0,1,2,,,135.2,
20,1,30,4,0,0,4,,,135.2,
20,1,31,2,0,0,4,,,135.2,
20,1,32,2,4,4,2,,,135.2,
20,1,33,0,2,3,2,,,135.2,
20,1,34,0,2,0,0,,,135.2,
20,1,35,1,0,1,1,,,135.2,
20,1,36,4,0,4,2,,,135.2,
20,1,37,0,3,0,3,,,135.2,
20,1,38,1,0,1,1,,,135.2,
20,1,39,4,0,4,2,,,135.2,
20,1,40,0,1,1,2,,,135.2,
20,1,41,0,1,0,3,,,135.2,
20,1,42,2,2,2,4,,,135.2,
20,1,43,3,2,3,4,,,135.2,
20,1,44,3,1,3,3,,,135.2,
20,1,45,3,3,3,2,,,135.2,
20,1,46,4,2,2,3,,,135.2,
20,1,47,3,4,4,0,,,135.2,
20,1,48,1,4,4,0,,,135.2,
20,1,49,3,4,4,0,,,135.2,
20,1,50,2,1,2,4,,,135.2,
20,1,51,4,2,4,1,,,135.2,
20,1,52,2,4,2,2,,,135.2,
20,1,53,4,2,4,1,,,135.2,
20,1,54,2,1,4,1,,,135.2,
20,1,55,3,3,3,3,,,135.2,
20,1,56,4,1,1,3,,,135.2,
20,1,57,2,1,1,3,,,135.2,
20,1,58,0,3,3,2,,,135.2,
20,1,59,1,1,1,4,,,135.2,
20,1,60,4,2,2,4,,,135.2,
20,1,61,4,2,4,0,,,135.2,
20,1,62,3,0,0,0,,,135.2,
20,1,63,3,4,4,4,,,135.2,
20,1,64,0,0,0,4,,,135.2,
20,1,65,0,0,1,2,,,135.2,
20,1,66,3,1,1,3,,,135.2,
20,1,67,2,3,2,1,,,135.2,
20,1,68,0,1,0,0,,,135.2,
20,1,69,2,0,0,3,,,135.2,
20,1,70,4,3,4,1,,,135.2,
20,1,71,0,1,1,3,,,135.2,
20,1,72,2,1,3,3,,,135.2,
20,1,73,1,2,0,2,,,135.2,
20,1,74,2,3,4,3,,,135.2,
20,1,75,1,3,0,2,,,135.2,
20,1,76,3,4,4,2,,,135.2,
20,1,77,2,1,4,0,,,135.2,
20,1,78,4,1,1,0,,,135.2,
20,1,79,3,2,2,1,,,135.2,
20,1,80,2,4,0,2,,,135.2,
20,1,81,3,0,0,0,,,135.2,
20,1,82,1,4,1,1,,,135.2,
20,1,83,3,3,0,0,,,135.2,
20,1,84,2,2,2,1,,,135.2,
20,1,85,2,3,3,1,,,135.2,
20,1,86,3,0,3,3,,,135.2,
20,1,87,4,0,0,1,,,135.2,
20,1,88,4,4,4,0,,,135.2,
20,1,89,2,2,2,1,,,135.2,
20,1,90,4,4,4,4,,,135.2,
20,1,91,0,4,4,4,,,135.2,
20,1,92,4,0,4,0,,,135.2,
20,1,93,0,3,0,1,,,135.2,
20,1,94,3,4,2,2,,,135.2,
20,1,95,0,1,2,0,,,135.2,
20,1,96,0,3,0,2,,,135.2,
20,1,97,3,1,1,4,,,135.2,
20,1,98,1,1,1,4,,,135.2,
20,1,99,3,3,3,2,,,135.2,
20,2,0,0,1,2,3,,,135.2,
20,2,1,2,3,3,3,,,135.2,
20,2,2,4,2,2,0,,,135.2,
20,2,3,2,4,0,1,,,135.2,
20,2,4,3,4,4,3,,,135.2,
20,2,5,3,1,1,4,,,135.2,
20,2,6,2,4,4,1,,,135.2,
20,2,7,3,3,3,0,,,135.2,
20,2,8,4,3,3,2,,,135.2,
20,2,9,3,0,0,4,,,135.2,
20,2,10,3,0,4,4,,,135.2,
20,2,11,3,4,4,3,,,135.2,
20,2,12,1,3,3,2,,,135.2,
20,2,13,0,2,2,0,,,135.2,
20,2,14,0,1,1,4,,,135.2,
20,2,15,1,3,3,3,,,135.2,
20,2,16,4,2,2,0,,,135.2,
20,2,17,2,2,2,3,,,135.2,
20,2,18,4,2,2,0,,,135.2,
20,2,19,4,4,4,3,,,135.2,
20,2,20,0,1,0,3,,,135.2,
20,2,21,1,3,3,3,,,135.2,
20,2,22,0,2,2,3,,,135.2,
20,2,23,4,3,3,2,,,135.2,
20,2,24,4,1,1,1,,,135.2,
20,2,25,2,1,1,0,,,135.2,
20,2,26,1,0,0,2,,,135.2,
20,2,27,0,1,1,1,,,135.2,
20,2,28,4,4,4,3,,,135.2,
20,2,29,1,3,1,3,,,135.2,
20,2,30,4,0,0,1,,,135.2,
20,2,31,0,1,0,0,,,135.2,
20,2,32,3,4,0,2,,,135.2,
20,2,33,2,0,0,2,,,135.2,
20,2,34,4,3,3,1,,,135.2,
20,2,35,4,4,4,1,,,135.2,
20,2,36,3,1,1,3,,,135.2,
20,2,37,1,0,0,4,,,135.2,
20,2,38,1,2,2,0,,,135.2,
20,2,39,0,1,1,2,,,135.2,
20,2,40,0,2,3,4,,,135.2,
20,2,41,4,0,4,2,,,135.2,
20,2,42,0,1,1,3,,,135.2,
20,2,43,0,4,4,4,,,135.2,
20,2,44,1,3,3,0,,,135.2,
20,2,45,0,3,3,0,,,135.2,
20,2,46,1,1,1,0,,,135.2,
20,2,47,4,0,0,3,,,135.2,
20,2,48,3,2,2,2,,,135.2,
20,2,49,4,2,2,3,,,135.2,
20,2,50,3,0,0,4,,,135.2,
20,2,51,4,1,1,2,,,135.2,
20,2,52,0,0,0,0,,,135.2,
20,2,53,1,0,0,1,,,135.2,
20,2,54,0,2,2,3,,,135.2,
20,2,55,1,3,3,0,,,135.2,
20,2,56,0,3,3,2,,,135.2,
20,2,57,0,2,2,2,,,135.2,
20,2,58,2,0,0,2,,,135.2,
20,2,59,2,3,3,4,,,135.2,
20,2,60,3,3,3,3,,,135.2,
20,2,61,2,2,2,1,,,135.2,
20,2,62,0,2,2,3,,,135.2,
20,2,63,2,3,3,1,,,135.2,
20,2,64,3,4,4,3,,,135.2,
20,2,65,3,0,0,3,,,135.2,
20,2,66,4,1,1,1,,,135.2,
20,2,67,3,3,3,0,,,135.2,
20,2,68,4,1,1,4,,,135.2,
20,2,69,2,4,4,3,,,135.2,
20,2,70,4,1,1,3,,,135.2,
20,2,71,2,0,0,1,,,135.2,
20,2,72,2,0,0,4,,,135.2,
20,2,73,1,0,0,2,,,135.2,
20,2,74,2,3,3,0,,,135.2,
20,2,75,4,0,4,1,,,135.2,
20,2,76,3,2,2,0,,,135.2,
20,2,77,1,4,4,0,,,135.2,
20,2,78,1,3,3,1,,,135.2,
20,2,79,2,0,0,3,,,135.2,
20,2,80,2,3,3,3,,,135.2,
20,2,81,3,4,4,3,,,135.2,
20,2,82,1,0,0,0,,,135.2,
20,2,83,0,3,3,0,,,135.2,
20,2,84,3,0,0,4,,,135.2,
20,2,85,4,2,2,0,,,135.2,
20,2,86,0,1,1,2,,,135.2,
20,2,87,1,1,1,4,,,135.2,
20,2,88,2,2,2,2,,,135.2,
20,2,89,3,4,0,2,,,135.2,
20,2,90,0,4,4,0,,,135.2,
20,2,91,2,1,1,3,,,135.2,
20,2,92,2,2,2,3,,,135.2,
20,2,93,4,0,0,1,,,135.2,
20,2,94,2,1,1,0,,,135.2,
20,2,95,2,4,4,2,,,135.2,
20,2,96,0,2,2,4,,,135.2,
20,2,97,1,4,4,2,,,135.2,
20,2,98,3,1,3,3,,,135.2,
20,2,99,3,2,2,2,,,135.2,
20,3,0,3,4,4,1,,,135.2,
20,3,1,1,3,3,3,,,135.2,
20,3,2,1,3,3,3,,,135.2,
20,3,3,0,1,0,4,,,135.2,
20,3,4,0,0,0,2,,,135.2,
20,3,5,0,2,0,1,,,135.2,
20,3,6,1,4,4,4,,,135.2,
20,3,7,0,0,0,4,,,135.2,
20,3,8,1,2,2,2,,,135.2,
20,3,9,3,2,2,2,,,135.2,
20,3,10,3,4,4,1,,,135.2,
20,3,11,0,0,0,3,,,135.2,
20,3,12,2,4,4,2,,,135.2,
20,3,13,1,2,2,4,,,135.2,
20,3,14,4,2,2,1,,,135.2,
20,3,15,0,2,2,0,,,135.2,
20,3,16,4,3,4,4,,,135.2,
20,3,17,4,1,1,1,,,135.2,
20,3,18,0,4,0,4,,,135.2,
20,3,19,1,4,4,2,,,135.2,
20,3,20,0,1,3,3,,,135.2,
20,3,21,0,3,3,0,,,135.2,
20,3,22,4,0,0,3,,,135.2,
20,3,23,2,0,0,3,,,135.2,
20,3,24,3,0,0,2,,,135.2,
20,3,25,0,2,2,3,,,135.2,
20,3,26,0,2,2,4,,,135.2,
20,3,27,0,3,3,0,,,135.2,
20,3,28,3,4,4,3,,,135.2,
20,3,29,4,2,2,2,,,135.2,
20,3,30,1,3,3,4,,,135.2,
20,3,31,1,1,1,2,,,135.2,
20,3,32,4,1,1,0,,,135.2,
20,3,33,4,4,4,2,,,135.2,
20,3,34,3,0,0,4,,,135.2,
20,3,35,0,2,2,4,,,135.2,
20,3,36,4,2,2,4,,,135.2,
20,3,37,2,3,3,3,,,135.2,
20,3,38,4,2,2,0,,,135.2,
20,3,39,4,3,3,3,,,135.2,
20,3,40,3,3,3,1,,,135.2,
20,3,41,2,2,2,1,,,135.2,
20,3,42,4,3,3,4,,,135.2,
20,3,43,3,1,3,0,,,135.2,
20,3,44,1,2,2,2,,,135.2,
20,3,45,4,1,1,3,,,135.2,
20,3,46,0,4,4,3,,,135.2,
20,3,47,0,2,2,3,,,135.2,
20,3,48,4,3,3,2,,,135.2,
20,3,49,1,3,3,2,,,135.2,
20,3,50,2,4,4,2,,,135.2,
20,3,51,3,3,3,2,,,135.2,
20,3,52,2,3,3,2,,,135.2,
20,3,53,2,1,1,4,,,135.2,
20,3,54,0,2,2,3,,,135.2,
20,3,55,2,3,3,2,,,135.2,
20,3,56,0,1,1,3,,,135.2,
20,3,57,4,0,0,0,,,135.2,
20,3,58,4,4,4,4,,,135.2,
20,3,59,4,2,2,4,,,135.2,
20,3,60,2,4,4,0,,,135.2,
20,3,61,1,0,0,0,,,135.2,
20,3,62,3,1,1,3,,,135.2,
20,3,63,4,2,2,1,,,135.2,
20,3,64,0,4,4,4,,,135.2,
20,3,65,0,3,3,4,,,135.2,
20,3,66,0,4,4,1,,,135.2,
20,3,67,3,0,0,4,,,135.2,
20,3,68,4,1,1,0,,,135.2,
20,3,69,4,1,1,0,,,135.2,
20,3,70,3,4,4,4,,,135.2,
20,3,71,0,2,2,4,,,135.2,
20,3,72,4,4,4,2,,,135.2,
20,3,73,1,2,2,2,,,135.2,
20,3,74,1,2,2,2,,,135.2,
20,3,75,4,2,2,1,,,135.2,
20,3,76,4,1,1,0,,,135.2,
20,3,77,0,4,4,3,,,135.2,
20,3,78,1,4,4,3,,,135.2,
20,3,79,2,2,2,4,,,135.2,
20,3,80,4,3,3,1,,,135.2,
20,3,81,3,4,4,4,,,135.2,
20,3,82,0,1,1,4,,,135.2,
20,3,83,2,2,2,0,,,135.2,
20,3,84,1,3,3,3,,,135.2,
20,3,85,3,3,3,4,,,135.2,
20,3,86,2,1,1,4,,,135.2,
20,3,87,0,0,0,2,,,135.2,
20,3,88,0,3,3,0,,,135.2,
20,3,89,3,0,0,2,,,135.2,
20,3,90,3,3,3,3,,,135.2,
20,3,91,3,0,0,1,,,135.2,
20,3,92,2,0,0,4,,,135.2,
20,3,93,4,2,4,3,,,135.2,
20,3,94,4,3,3,3,,,135.2,
20,3,95,0,3,3,4,,,135.2,
20,3,96,4,2,2,4,,,135.2,
20,3,97,4,0,0,0,,,135.2,
20,3,98,0,0,0,2,,,135.2,
20,3,99,2,1,1,2,,,135.2,
20,4,0,3,4,4,1,,,135.2,
20,4,1,4,1,1,0,,,135.2,
20,4,2,3,2,2,2,,,135.2,
20,4,3,4,4,4,4,,,135.2,
20,4,4,0,1,1,2,,,135.2,
20,4,5,0,3,3,1,,,135.2,
20,4,6,0,2,2,2,,,135.2,
20,4,7,0,2,2,1,,,135.2,
20,4,8,4,2,2,0,,,135.2,
20,4,9,3,0,0,0,,,135.2,
20,4,10,2,1,1,0,,,135.2,
20,4,11,3,4,4,0,,,135.2,
20,4,12,1,3,3,4,,,135.2,
20,4,13,2,4,4,0,,,135.2,
20,4,14,1,1,1,0,,,135.2,
20,4,15,0,1,1,4,,,135.2,
20,4,16,2,3,3,4,,,135.2,
20,4,17,4,0,0,2,,,135.2,
20,4,18,4,1,1,3,,,135.2,
20,4,19,1,2,2,1,,,135.2,
20,4,20,1,4,4,0,,,135.2,
20,4,21,0,0,0,0,,,135.2,
20,4,22,0,0,0,0,,,135.2,
20,4,23,2,0,0,1,,,135.2,
20,4,24,3,2,2,2,,,135.2,
20,4,25,0,1,1,4,,,135.2,
20,4,26,3,4,4,1,,,135.2,
20,4,27,1,2,2,1,,,135.2,
20,4,28,3,1,1,1,,,135.2,
20,4,29,2,2,2,3,,,135.2,
20,4,30,1,2,2,3,,,135.2,
20,4,31,2,2,2,1,,,135.2,
20,4,32,0,3,3,4,,,135.2,
20,4,33,4,3,3,3,,,135.2,
20,4,34,3,1,1,0,,,135.2,
20,4,35,4,0,0,2,,,135.2,
20,4,36,0,2,2,2,,,135.2,
20,4,37,2,0,0,2,,,135.2,
20,4,38,4,2,2,3,,,135.2,
20,4,39,4,3,3,1,,,135.2,
20,4,40,4,4,4,1,,,135.2,
20,4,41,0,2,2,0,,,135.2,
20,4,42,1,3,3,0,,,135.2,
20,4,43,2,2,2,0,,,135.2,
20,4,44,2,0,0,4,,,135.2,
20,4,45,0,2,2,3,,,135.2,
20,4,46,0,4,4,2,,,135.2,
20,4,47,2,3,3,2,,,135.2,
20,4,48,0,2,2,2,,,135.2,
20,4,49,0,2,2,0,,,135.2,
20,4,50,1,3,3,0,,,135.2,
20,4,51,1,3,3,3,,,135.2,
20,4,52,3,1,1,0,,,135.2,
20,4,53,2,0,0,3,,,135.2,
20,4,54,4,1,1,2,,,135.2,
20,4,55,4,4,4,2,,,135.2,
20,4,56,3,0,0,3,,,135.2,
20,4,57,4,0,0,4,,,135.2,
20,4,58,4,4,4,1,,,135.2,
20,4,59,3,2,2,2,,,135.2,
20,4,60,3,1,1,3,,,135.2,
20,4,61,0,0,0,3,,,135.2,
20,4,62,2,0,0,2,,,135.2,
20,4,63,2,4,4,3,,,135.2,
20,4,64,4,2,2,1,,,135.2,
20,4,65,3,4,3,4,,,135.2,
20,4,66,2,2,2,2,,,135.2,
20,4,67,2,0,0,1,,,135.2,
20,4,68,0,3,3,4,,,135.2,
20,4,69,4,2,2,4,,,135.2,
20,4,70,3,1,1,3,,,135.2,
20,4,71,2,1,1,4,,,135.2,
20,4,72,2,3,3,2,,,135.2,
20,4,73,1,3,3,3,,,135.2,
20,4,74,4,2,2,3,,,135.2,
20,4,75,0,4,4,4,,,135.2,
20,4,76,3,0,0,2,,,135.2,
20,4,77,4,3,3,1,,,135.2,
20,4,78,0,1,1,3,,,135.2,
20,4,79,3,1,1,3,,,135.2,
20,4,80,4,1,1,3,,,135.2,
20,4,81,1,2,2,1,,,135.2,
20,4,82,4,3,3,3,,,135.2,
20,4,83,0,1,1,0,,,135.2,
20,4,84,4,3,3,0,,,135.2,
20,4,85,0,1,1,4,,,135.2,
20,4,86,4,2,2,0,,,135.2,
20,4,87,2,4,4,1,,,135.2,
20,4,88,1,1,1,1,,,135.2,
20,4,89,4,3,3,3,,,135.2,
20,4,90,2,3,3,1,,,135.2,
20,4,91,1,0,0,3,,,135.2,
20,4,92,2,3,3,3,,,135.2,
20,4,93,0,2,2,1,,,135.2,
20,4,94,4,4,4,1,,,135.2,
20,4,95,3,2,2,0,,,135.2,
20,4,96,1,3,3,4,,,135.2,
20,4,97,4,3,3,4,,,135.2,
20,4,98,0,0,0,0,,,135.2,
20,4,99,0,1,1,1,,,135.2,
20,5,0,2,0,0,1,,,135.2,
20,5,1,4,0,0,2,,,135.2,
20,5,2,3,1,1,2,,,135.2,
20,5,3,3,2,2,2,,,135.2,
20,5,4,2,2,2,4,,,135.2,
20,5,5,2,0,0,2,,,135.2,
20,5,6,2,3,3,4,,,135.2,
20,5,7,1,0,0,2,,,135.2,
20,5,8,2,1,1,2,,,135.2,
20,5,9,1,3,3,3,,,135.2,
20,5,10,1,0,0,4,,,135.2,
20,5,11,2,1,1,1,,,135.2,
20,5,12,3,4,4,2,,,135.2,
20,5,13,1,3,3,0,,,135.2,
20,5,14,3,2,2,0,,,135.2,
20,5,15,0,1,1,3,,,135.2,
20,5,16,4,3,3,0,,,135.2,
20,5,17,0,3,3,4,,,135.2,
20,5,18,3,4,4,0,,,135.2,
20,5,19,4,2,2,1,,,135.2,
20,5,20,4,0,0,4,,,135.2,
20,5,21,1,4,4,3,,,135.2,
20,5,22,3,1,1,3,,,135.2,
20,5,23,0,1,1,3,,,135.2,
20,5,24,3,0,0,1,,,135.2,
20,5,25,3,3,3,1,,,135.2,
20,5,26,4,2,2,3,,,135.2,
20,5,27,2,0,0,2,,,135.2,
20,5,28,4,0,0,3,,,135.2,
20,5,29,1,3,3,3,,,135.2,
20,5,30,4,2,2,2,,,135.2,
20,5,31,2,4,4,3,,,135.2,
20,5,32,2,2,2,4,,,135.2,
20,5,33,3,1,1,2,,,135.2,
20,5,34,2,4,4,0,,,135.2,
20,5,35,3,2,2,1,,,135.2,
20,5,36,0,0,0,1,,,135.2,
20,5,37,2,3,2,2,,,135.2,
20,5,38,2,2,2,2,,,135.2,
20,5,39,1,3,3,3,,,135.2,
20,5,40,1,2,2,3,,,135.2,
20,5,41,0,1,1,1,,,135.2,
20,5,42,4,1,1,4,,,135.2,
20,5,43,4,0,0,0,,,135.2,
20,5,44,2,3,3,2,,,135.2,
20,5,45,4,1,1,3,,,135.2,
20,5,46,4,2,2,2,,,135.2,
20,5,47,2,1,1,1,,,135.2,
20,5,48,1,1,1,4,,,135.2,
20,5,49,1,1,1,4,,,135.2,
20,5,50,0,3,3,1,,,135.2,
20,5,51,0,2,2,3,,,135.2,
20,5,52,4,2,2,2,,,135.2,
20,5,53,3,3,3,0,,,135.2,
20,5,54,2,4,4,1,,,135.2,
20,5,55,0,4,4,1,,,135.2,
20,5,56,4,2,2,0,,,135.2,
20,5,57,4,3,3,4,,,135.2,
20,5,58,4,0,0,2,,,135.2,
20,5,59,1,0,0,1,,,135.2,
20,5,60,0,3,3,0,,,135.2,
20,5,61,1,2,2,2,,,135.2,
20,5,62,2,3,3,4,,,135.2,
20,5,63,1,1,1,1,,,135.2,
20,5,64,4,4,4,2,,,135.2,
20,5,65,1,0,0,0,,,135.2,
20,5,66,1,1,1,3,,,135.2,
20,5,67,3,4,4,4,,,135.2,
20,5,68,4,0,0,1,,,135.2,
20,5,69,2,4,4,0,,,135.2,
20,5,70,0,2,2,0,,,135.2,
20,5,71,3,0,0,1,,,135.2,
20,5,72,3,2,2,0,,,135.2,
20,5,73,4,3,3,4,,,135.2,
20,5,74,4,2,2,4,,,135.2,
20,5,75,1,1,1,4,,,135.2,
20,5,76,2,0,0,1,,,135.2,
20,5,77,0,4,4,2,,,135.2,
20,5,78,1,0,0,3,,,135.2,
20,5,79,0,2,2,4,,,135.2,
20,5,80,0,3,3,4,,,135.2,
20,5,81,1,2,2,4,,,135.2,
20,5,82,4,1,1,4,,,135.2,
20,5,83,0,0,0,0,,,135.2,
20,5,84,1,2,2,0,,,135.2,
20,5,85,2,2,2,1,,,135.2,
20,5,86,1,4,4,1,,,135.2,
20,5,87,4,4,4,1,,,135.2,
20,5,88,2,4,4,2,,,135.2,
20,5,89,4,4,4,3,,,135.2,
20,5,90,4,2,2,2,,,135.2,
20,5,91,2,1,1,3,,,135.2,
20,5,92,2,1,1,0,,,135.2,
20,5,93,3,0,0,2,,,135.2,
20,5,94,0,0,0,0,,,135.2,
20,5,95,3,1,1,3,,,135.2,
20,5,96,3,3,3,3,,,135.2,
20,5,97,3,1,1,3,,,135.2,
20,5,98,1,0,0,0,,,135.2,
20,5,99,1,2,2,4,,,135.2,
20,6,0,0,3,3,4,,,135.2,
20,6,1,1,4,4,1,,,135.2,
20,6,2,2,3,3,3,,,135.2,
20,6,3,0,1,1,2,,,135.2,
20,6,4,0,1,1,3,,,135.2,
20,6,5,4,4,4,0,,,135.2,
20,6,6,3,3,3,0,,,135.2,
20,6,7,4,4,4,2,,,135.2,
20,6,8,0,2,2,1,,,135.2,
20,6,9,2,2,2,4,,,135.2,
20,6,10,3,3,3,2,,,135.2,
20,6,11,3,4,4,4,,,135.2,
20,6,12,4,0,0,0,,,135.2,
20,6,13,1,4,4,1,,,135.2,
20,6,14,3,4,4,3,,,135.2,
20,6,15,4,4,4,4,,,135.2,
20,6,16,2,4,4,3,,,135.2,
20,6,17,1,3,3,1,,,135.2,
20,6,18,0,4,4,3,,,135.2,
20,6,19,3,0,0,0,,,135.2,
20,6,20,3,0,0,2,,,135.2,
20,6,21,4,2,2,3,,,135.2,
20,6,22,0,3,3,4,,,135.2,
20,6,23,4,3,3,3,,,135.2,
20,6,24,0,3,3,1,,,135.2,
20,6,25,0,3,3,3,,,135.2,
20,6,26,1,1,1,2,,,135.2,
20,6,27,0,3,3,2,,,135.2,
20,6,28,2,3,3,0,,,135.2,
20,6,29,1,2,2,4,,,135.2,
20,6,30,0,4,4,1,,,135.2,
20,6,31,0,1,1,1,,,135.2,
20,6,32,2,4,4,1,,,135.2,
20,6,33,2,0,0,1,,,135.2,
20,6,34,4,2,2,3,,,135.2,
20,6,35,3,0,0,2,,,135.2,
20,6,36,4,3,3,2,,,135.2,
20,6,37,0,2,2,4,,,135.2,
20,6,38,3,0,0,2,,,135.2,
20,6,39,1,0,0,0,,,135.2,
20,6,40,0,3,3,0,,,135.2,
20,6,41,0,1,1,3,,,135.2,
20,6,42,1,4,4,1,,,135.2,
20,6,43,1,0,0,2,,,135.2,
20,6,44,2,0,0,0,,,135.2,
20,6,45,0,0,0,0,,,135.2,
20,6,46,2,1,1,1,,,135.2,
20,6,47,2,4,4,4,,,135.2,
20,6,48,2,1,1,4,,,135.2,
20,6,49,4,1,1,1,,,135.2,
20,6,50,0,1,1,3,,,135.2,
20,6,51,2,4,4,0,,,135.2,
20,6,52,1,4,4,0,,,135.2,
20,6,53,3,2,2,3,,,135.2,
20,6,54,0,0,0,0,,,135.2,
20,6,55,2,4,4,4,,,135.2,
20,6,56,4,2,2,2,,,135.2,
20,6,57,4,1,1,3,,,135.2,
20,6,58,2,3,3,1,,,135.2,
20,6,59,3,0,0,0,,,135.2,
20,6,60,2,1,1,4,,,135.2,
20,6,61,3,4,4,4,,,135.2,
20,6,62,4,2,2,0,,,135.2,
20,6,63,0,4,4,0,,,135.2,
20,6,64,1,2,2,3,,,135.2,
20,6,65,4,3,3,2,,,135.2,
20,6,66,2,3,3,0,,,135.2,
20,6,67,3,0,0,1,,,135.2,
20,6,68,2,4,4,0,,,135.2,
20,6,69,2,2,2,4,,,135.2,
20,6,70,1,0,0,1,,,135.2,
20,6,71,3,4,4,2,,,135.2,
20,6,72,0,1,1,2,,,135.2,
20,6,73,4,3,3,3,,,135.2,
20,6,74,3,0,0,2,,,135.2,
20,6,75,0,0,0,4,,,135.2,
20,6,76,4,2,2,4,,,135.2,
20,6,77,4,3,3,1,,,135.2,
20,6,78,0,1,1,1,,,135.2,
20,6,79,2,3,3,1,,,135.2,
20,6,80,4,3,3,1,,,135.2,
20,6,81,0,2,2,1,,,135.2,
20,6,82,4,4,4,1,,,135.2,
20,6,83,4,1,1,4,,,135.2,
20,6,84,0,2,2,0,,,135.2,
20,6,85,0,2,2,1,,,135.2,
20,6,86,4,4,4,2,,,135.2,
20,6,87,3,2,2,0,,,135.2,
20,6,88,0,3,3,1,,,135.2,
20,6,89,4,3,3,1,,,135.2,
20,6,90,0,2,2,2,,,135.2,
20,6,91,2,1,1,0,,,135.2,
20,6,92,4,0,0,0,,,135.2,
20,6,93,4,4,4,4,,,135.2,
20,6,94,2,0,0,1,,,135.2,
20,6,95,1,3,3,2,,,135.2,
20,6,96,3,4,4,4,,,135.2,
20,6,97,4,1,1,0,,,135.2,
20,6,98,4,0,0,2,,,135.2,
20,6,99,0,0,0,3,,,135.2,
20,7,0,4,2,2,4,,,135.2,
20,7,1,0,2,2,0,,,135.2,
20,7,2,2,2,2,0,,,135.2,
20,7,3,4,1,1,4,,,135.2,
20,7,4,3,4,4,1,,,135.2,
20,7,5,3,3,3,3,,,135.2,
20,7,6,0,2,2,1,,,135.2,
20,7,7,2,1,1,0,,,135.2,
20,7,8,0,4,4,1,,,135.2,
20,7,9,1,1,1,3,,,135.2,
20,7,10,2,1,1,3,,,135.2,
20,7,11,0,3,3,2,,,135.2,
20,7,12,1,0,0,2,,,135.2,
20,7,13,4,1,1,4,,,135.2,
20,7,14,3,3,3,4,,,135.2,
20,7,15,0,3,3,4,,,135.2,
20,7,16,0,2,2,2,,,135.2,
20,7,17,3,0,0,0,,,135.2,
20,7,18,3,2,2,1,,,135.2,
20,7,19,1,4,4,3,,,135.2,
20,7,20,4,3,3,3,,,135.2,
20,7,21,3,2,2,1,,,135.2,
20,7,22,4,4,4,0,,,135.2,
20,7,23,2,2,2,1,,,135.2,
20,7,24,2,1,1,2,,,135.2,
20,7,25,2,3,3,2,,,135.2,
20,7,26,2,2,2,0,,,135.2,
20,7,27,0,1,1,0,,,135.2,
20,7,28,2,3,3,4,,,135.2,
20,7,29,0,3,3,1,,,135.2,
20,7,30,3,1,1,2,,,135.2,
20,7,31,1,1,1,3,,,135.2,
20,7,32,1,1,1,1,,,135.2,
20,7,33,2,2,2,3,,,135.2,
20,7,34,4,3,3,4,,,135.2,
20,7,35,1,2,2,0,,,135.2,
20,7,36,1,2,2,2,,,135.2,
20,7,37,1,4,4,4,,,135.2,
20,7,38,1,0,0,2,,,135.2,
20,7,39,2,3,3,4,,,135.2,
20,7,40,2,0,0,0,,,135.2,
20,7,41,4,0,0,4,,,135.2,
20,7,42,1,4,4,0,,,135.2,
20,7,43,2,0,0,3,,,135.2,
20,7,44,3,3,3,1,,,135.2,
20,7,45,3,1,1,3,,,135.2,
20,7,46,3,2,2,3,,,135.2,
20,7,47,3,4,4,1,,,135.2,
20,7,48,4,4,4,2,,,135.2,
20,7,49,1,0,0,1,,,135.2,
20,7,50,1,4,4,2,,,135.2,
20,7,51,1,4,4,1,,,135.2,
20,7,52,0,3,3,3,,,135.2,
20,7,53,2,2,2,1,,,135.2,
20,7,54,4,1,1,3,,,135.2,
20,7,55,1,4,4,2,,,135.2,
20,7,56,1,2,2,1,,,135.2,
20,7,57,4,2,2,0,,,135.2,
20,7,58,0,2,2,3,,,135.2,
20,7,59,4,2,2,4,,,135.2,
20,7,60,2,4,4,0,,,135.2,
20,7,61,3,0,0,3,,,135.2,
20,7,62,2,3,3,4,,,135.2,
20,7,63,4,2,2,4,,,135.2,
20,7,64,1,1,1,0,,,135.2,
20,7,65,1,4,4,2,,,135.2,
20,7,66,4,4,4,3,,,135.2,
20,7,67,2,3,3,4,,,135.2,
20,7,68,3,1,1,2,,,135.2,
20,7,69,0,2,2,3,,,135.2,
20,7,70,2,2,2,1,,,135.2,
20,7,71,2,2,2,0,,,135.2,
20,7,72,0,3,3,4,,,135.2,
20,7,73,0,2,2,0,,,135.2,
20,7,74,4,0,0,4,,,135.2,
20,7,75,3,3,3,4,,,135.2,
20,7,76,3,1,1,0,,,135.2,
20,7,77,3,4,4,4,,,135.2,
20,7,78,3,2,2,4,,,135.2,
20,7,79,3,4,4,1,,,135.2,
20,7,80,4,3,3,0,,,135.2,
20,7,81,1,3,3,0,,,135.2,
20,7,82,3,1,1,1,,,135.2,
20,7,83,1,0,0,3,,,135.2,
20,7,84,0,1,1,1,,,135.2,
20,7,85,4,2,2,1,,,135.2,
20,7,86,0,0,0,4,,,135.2,
20,7,87,3,0,0,0,,,135.2,
20,7,88,4,2,2,1,,,135.2,
20,7,89,2,2,2,0,,,135.2,
20,7,90,1,4,4,1,,,135.2,
20,7,91,0,4,4,3,,,135.2,
20,7,92,0,0,0,1,,,135.2,
20,7,93,3,4,4,2,,,135.2,
20,7,94,2,4,4,1,,,135.2,
20,7,95,3,3,3,3,,,135.2,
20,7,96,1,1,1,0,,,135.2,
20,7,97,4,4,4,3,,,135.2,
20,7,98,3,0,0,3,,,135.2,
20,7,99,1,2,2,0,,,135.2,
20,8,0,1,0,0,4,,,135.2,
20,8,1,0,4,4,2,,,135.2,
20,8,2,0,2,2,0,,,135.2,
20,8,3,1,0,0,0,,,135.2,
20,8,4,4,3,3,3,,,135.2,
20,8,5,3,3,3,3,,,135.2,
20,8,6,4,3,3,4,,,135.2,
20,8,7,1,0,0,3,,,135.2,
20,8,8,3,2,2,0,,,135.2,
20,8,9,0,2,2,2,,,135.2,
20,8,10,3,0,0,4,,,135.2,
20,8,11,4,3,3,3,,,135.2,
20,8,12,0,1,1,1,,,135.2,
20,8,13,0,1,1,2,,,135.2,
20,8,14,4,4,4,0,,,135.2,
20,8,15,4,3,3,1,,,135.2,
20,8,16,0,4,4,1,,,135.2,
20,8,17,3,4,4,0,,,135.2,
20,8,18,1,3,3,4,,,135.2,
20,8,19,0,1,1,0,,,135.2,
20,8,20,4,4,4,1,,,135.2,
20,8,21,4,0,0,2,,,135.2,
20,8,22,0,4,4,2,,,135.2,
20,8,23,2,0,0,3,,,135.2,
20,8,24,4,0,0,4,,,135.2,
20,8,25,4,2,2,3,,,135.2,
20,8,26,3,4,4,0,,,135.2,
20,8,27,0,2,2,3,,,135.2,
20,8,28,1,4,4,1,,,135.2,
20,8,29,0,3,3,4,,,135.2,
20,8,30,1,1,1,2,,,135.2,
20,8,31,2,2,2,2,,,135.2,
20,8,32,3,4,4,3,,,135.2,
20,8,33,1,3,3,2,,,135.2,
20,8,34,4,2,2,4,,,135.2,
20,8,35,4,0,0,0,,,135.2,
20,8,36,2,0,0,1,,,135.2,
20,8,37,1,0,0,4,,,135.2,
20,8,38,2,3,3,3,,,135.2,
20,8,39,3,4,4,3,,,135.2,
20,8,40,1,1,1,4,,,135.2,
20,8,41,0,1,1,3,,,135.2,
20,8,42,0,3,3,3,,,135.2,
20,8,43,3,1,1,1,,,135.2,
20,8,44,4,3,3,2,,,135.2,
20,8,45,0,0,0,3,,,135.2,
20,8,46,1,3,3,1,,,135.2,
20,8,47,3,1,1,1,,,135.2,
20,8,48,3,0,0,0,,,135.2,
20,8,49,3,1,1,1,,,135.2,
20,8,50,0,1,1,2,,,135.2,
20,8,51,1,0,0,0,,,135.2,
20,8,52,1,3,3,2,,,135.2,
20,8,53,4,4,4,1,,,135.2,
20,8,54,0,0,0,4,,,135.2,
20,8,55,0,0,0,2,,,135.2,
20,8,56,1,0,0,3,,,135.2,
20,8,57,1,4,4,2,,,135.2,
20,8,58,1,2,2,1,,,135.2,
20,8,59,0,4,4,1,,,135.2,
20,8,60,1,4,4,4,,,135.2,
20,8,61,1,0,0,2,,,135.2,
20,8,62,3,1,1,3,,,135.2,
20,8,63,0,1,1,4,,,135.2,
20,8,64,4,2,2,4,,,135.2,
20,8,65,3,0,0,4,,,135.2,
20,8,66,4,0,0,2,,,135.2,
20,8,67,0,4,4,1,,,135.2,
20,8,68,4,4,4,0,,,135.2,
20,8,69,2,0,0,4,,,135.2,
20,8,70,0,4,4,2,,,135.2,
20,8,71,1,0,0,4,,,135.2,
20,8,72,4,3,3,2,,,135.2,
20,8,73,3,3,3,0,,,135.2,
20,8,74,0,0,0,2,,,135.2,
20,8,75,1,0,0,3,,,135.2,
20,8,76,2,4,4,3,,,135.2,
20,8,77,2,4,4,3,,,135.2,
20,8,78,0,0,0,4,,,135.2,
20,8,79,0,3,3,0,,,135.2,
20,8,80,2,2,2,3,,,135.2,
20,8,81,2,4,4,0,,,135.2,
20,8,82,3,4,4,2,,,135.2,
20,8,83,2,4,4,2,,,135.2,
20,8,84,0,2,2,1,,,135.2,
20,8,85,1,0,0,0,,,135.2,
20,8,86,4,4,4,1,,,135.2,
20,8,87,1,0,0,0,,,135.2,
20,8,88,1,4,4,4,,,135.2,
20,8,89,2,1,1,1,,,135.2,
20,8,90,1,3,3,4,,,135.2,
20,8,91,3,1,1,4,,,135.2,
20,8,92,3,1,1,3,,,135.2,
20,8,93,2,2,2,0,,,135.2,
20,8,94,0,4,4,2,,,135.2,
20,8,95,4,4,4,2,,,135.2,
20,8,96,0,0,0,4,,,135.2,
20,8,97,2,0,0,3,,,135.2,
20,8,98,2,4,4,3,,,135.2,
20,8,99,0,3,3,2,,,135.2,
20,9,0,4,0,0,0,,,135.2,
20,9,1,3,2,2,4,,,135.2,
20,9,2,0,0,0,2,,,135.2,
20,9,3,4,0,0,0,,,135.2,
20,9,4,1,2,2,1,,,135.2,
20,9,5,1,4,4,0,,,135.2,
20,9,6,3,1,1,3,,,135.2,
20,9,7,0,1,1,2,,,135.2,
20,9,8,4,2,2,2,,,135.2,
20,9,9,2,4,4,0,,,135.2,
20,9,10,1,1,1,1,,,135.2,
20,9,11,3,1,1,1,,,135.2,
20,9,12,0,4,4,3,,,135.2,
20,9,13,0,2,2,1,,,135.2,
20,9,14,0,1,1,3,,,135.2,
20,9,15,3,2,2,0,,,135.2,
20,9,16,1,1,1,1,,,135.2,
20,9,17,2,1,1,3,,,135.2,
20,9,18,4,0,0,1,,,135.2,
20,9,19,0,2,2,2,,,135.2,
20,9,20,0,3,3,3,,,135.2,
20,9,21,0,1,1,3,,,135.2,
20,9,22,4,2,2,3,,,135.2,
20,9,23,1,2,2,2,,,135.2,
20,9,24,2,0,0,1,,,135.2,
20,9,25,2,4,4,4,,,135.2,
20,9,26,2,4,4,0,,,135.2,
20,9,27,3,0,0,2,,,135.2,
20,9,28,3,0,0,1,,,135.2,
20,9,29,3,3,3,3,,,135.2,
20,9,30,1,1,1,3,,,135.2,
20,9,31,2,2,2,2,,,135.2,
20,9,32,2,2,2,1,,,135.2,
20,9,33,1,3,3,3,,,135.2,
20,9,34,3,0,0,1,,,135.2,
20,9,35,3,3,3,3,,,135.2,
20,9,36,4,1,1,2,,,135.2,
20,9,37,4,1,1,2,,,135.2,
20,9,38,1,2,2,1,,,135.2,
20,9,39,1,1,1,4,,,135.2,
20,9,40,4,1,1,4,,,135.2,
20,9,41,2,2,2,1,,,135.2,
20,9,42,0,2,2,3,,,135.2,
20,9,43,4,2,2,0,,,135.2,
20,9,44,1,0,0,1,,,135.2,
20,9,45,2,3,3,0,,,135.2,
20,9,46,0,4,4,1,,,135.2,
20,9,47,4,1,1,4,,,135.2,
20,9,48,3,1,1,3,,,135.2,
20,9,49,2,2,2,4,,,135.2,
20,9,50,4,3,3,2,,,135.2,
20,9,51,4,2,2,2,,,135.2,
20,9,52,2,4,4,4,,,135.2,
20,9,53,4,4,4,1,,,135.2,
20,9,54,4,4,4,4,,,135.2,
20,9,55,3,4,4,3,,,135.2,
20,9,56,4,1,1,4,,,135.2,
20,9,57,0,3,3,0,,,135.2,
20,9,58,1,2,2,4,,,135.2,
20,9,59,3,2,2,1,,,135.2,
20,9,60,3,1,1,3,,,135.2,
20,9,61,3,0,0,2,,,135.2,
20,9,62,1,4,4,4,,,135.2,
20,9,63,2,0,0,4,,,135.2,
20,9,64,4,0,0,4,,,135.2,
20,9,65,2,4,4,2,,,135.2,
20,9,66,4,2,2,0,,,135.2,
20,9,67,1,0,0,2,,,135.2,
20,9,68,0,2,2,2,,,135.2,
20,9,69,3,0,0,0,,,135.2,
20,9,70,3,4,4,4,,,135.2,
20,9,71,4,1,1,4,,,135.2,
20,9,72,3,3,3,3,,,135.2,
20,9,73,3,3,3,0,,,135.2,
20,9,74,4,0,0,3,,,135.2,
20,9,75,1,4,4,0,,,135.2,
20,9,76,2,3,3,2,,,135.2,
20,9,77,2,0,0,0,,,135.2,
20,9,78,3,3,3,1,,,135.2,
20,9,79,1,2,2,1,,,135.2,
20,9,80,2,4,4,3,,,135.2,
20,9,81,3,2,2,1,,,135.2,
20,9,82,0,4,4,0,,,135.2,
20,9,83,1,0,0,4,,,135.2,
20,9,84,3,3,3,1,,,135.2,
20,9,85,2,3,3,0,,,135.2,
20,9,86,0,0,0,1,,,135.2,
20,9,87,4,4,4,2,,,135.2,
20,9,88,2,4,4,3,,,135.2,
20,9,89,0,4,4,1,,,135.2,
20,9,90,4,0,0,0,,,135.2,
20,9,91,2,0,0,0,,,135.2,
20,9,92,2,2,2,3,,,135.2,
20,9,93,3,3,3,4,,,135.2,
20,9,94,2,0,0,3,,,135.2,
20,9,95,3,1,1,1,,,135.2,
20,9,96,3,2,2,3,,,135.2,
20,9,97,1,0,0,2,,,135.2,
20,9,98,2,2,2,4,,,135.2,
20,9,99,2,4,4,4,,,135.2,
20,10,0,4,3,3,3,,,135.2,
20,10,1,3,1,1,4,,,135.2,
20,10,2,2,4,4,2,,,135.2,
20,10,3,0,4,4,1,,,135.2,
20,10,4,1,2,2,3,,,135.2,
20,10,5,3,4,4,4,,,135.2,
20,10,6,4,2,2,3,,,135.2,
20,10,7,2,0,0,2,,,135.2,
20,10,8,3,1,1,2,,,135.2,
20,10,9,3,0,0,3,,,135.2,
20,10,10,1,2,2,4,,,135.2,
20,10,11,3,4,4,3,,,135.2,
20,10,12,0,1,1,1,,,135.2,
20,10,13,4,2,2,2,,,135.2,
20,10,14,0,3,3,1,,,135.2,
20,10,15,1,0,0,0,,,135.2,
20,10,16,2,4,4,1,,,135.2,
20,10,17,4,0,0,3,,,135.2,
20,10,18,2,1,1,4,,,135.2,
20,10,19,3,1,1,1,,,135.2,
20,10,20,1,2,2,2,,,135.2,
20,10,21,4,1,1,0,,,135.2,
20,10,22,4,2,2,0,,,135.2,
20,10,23,3,2,2,0,,,135.2,
20,10,24,2,4,4,1,,,135.2,
20,10,25,4,0,0,3,,,135.2,
20,10,26,1,2,2,1,,,135.2,
20,10,27,1,3,3,2,,,135.2,
20,10,28,2,3,3,4,,,135.2,
20,10,29,1,1,1,4,,,135.2,
20,10,30,3,1,1,3,,,135.2,
20,10,31,3,0,0,4,,,135.2,
20,10,32,2,0,0,3,,,135.2,
20,10,33,3,4,4,2,,,135.2,
20,10,34,1,3,3,3,,,135.2,
20,10,35,2,1,1,3,,,135.2,
20,10,36,2,1,1,2,,,135.2,
20,10,37,1,2,2,1,,,135.2,
20,10,38,3,3,3,4,,,135.2,
20,10,39,0,3,3,1,,,135.2,
20,10,40,4,0,0,1,,,135.2,
20,10,41,4,2,2,1,,,135.2,
20,10,42,1,4,4,3,,,135.2,
20,10,43,4,0,0,3,,,135.2,
20,10,44,4,4,4,2,,,135.2,
20,10,45,1,3,3,4,,,135.2,
20,10,46,1,3,3,0,,,135.2,
20,10,47,1,0,0,2,,,135.2,
20,10,48,0,3,3,0,,,135.2,
20,10,49,3,1,1,1,,,135.2,
20,10,50,1,0,0,4,,,135.2,
20,10,51,0,0,0,2,,,135.2,
20,10,52,3,2,2,4,,,135.2,
20,10,53,1,2,2,0,,,135.2,
20,10,54,2,1,1,3,,,135.2,
20,10,55,0,2,2,0,,,135.2,
20,10,56,2,2,2,3,,,135.2,
20,10,57,2,1,1,3,,,135.2,
20,10,58,1,4,4,4,,,135.2,
20,10,59,4,0,0,4,,,135.2,
20,10,60,3,3,3,1,,,135.2,
20,10,61,1,1,1,2,,,135.2,
20,10,62,0,0,0,3,,,135.2,
20,10,63,3,4,4,2,,,135.2,
20,10,64,0,0,0,4,,,135.2,
20,10,65,3,0,0,4,,,135.2,
20,10,66,1,1,1,3,,,135.2,
20,10,67,4,3,3,0,,,135.2,
20,10,68,4,2,2,4,,,135.2,
20,10,69,4,0,0,3,,,135.2,
20,10,70,3,4,4,4,,,135.2,
20,10,71,1,3,3,1,,,135.2,
20,10,72,0,0,0,3,,,135.2,
20,10,73,0,0,0,2,,,135.2,
20,10,74,2,3,3,3,,,135.2,
20,10,75,4,0,0,0,,,135.2,
20,10,76,0,0,0,0,,,135.2,
20,10,77,4,1,1,4,,,135.2,
20,10,78,3,3,3,1,,,135.2,
20,10,79,4,0,0,0,,,135.2,
20,10,80,0,1,1,0,,,135.2,
20,10,81,4,0,0,2,,,135.2,
20,10,82,3,4,4,4,,,135.2,
20,10,83,3,4,4,2,,,135.2,
20,10,84,1,3,3,4,,,135.2,
20,10,85,4,1,1,3,,,135.2,
20,10,86,0,2,2,2,,,135.2,
20,10,87,1,0,0,4,,,135.2,
20,10,88,2,0,0,4,,,135.2,
20,10,89,4,4,4,3,,,135.2,
20,10,90,0,0,0,0,,,135.2,
20,10,91,0,4,4,1,,,135.2,
20,10,92,1,3,3,1,,,135.2,
20,10,93,0,4,4,4,,,135.2,
20,10,94,1,3,3,2,,,135.2,
20,10,95,1,2,2,4,,,135.2,
20,10,96,1,1,1,4,,,135.2,
20,10,97,4,1,1,4,,,135.2,
20,10,98,3,2,2,2,,,135.2,
20,10,99,4,4,4,4,,,135.2,
30,0,0,2,-1,2,4,,,118.91,
30,0,1,2,-1,2,0,,,118.91,
30,0,2,0,-1,0,1,,,118.91,
30,0,3,0,-1,0,1,,,118.91,
30,0,4,3,-1,3,3,,,118.91,
30,0,5,2,-1,2,1,,,118.91,
30,0,6,3,-1,3,0,,,118.91,
30,0,7,3,-1,3,4,,,118.91,
30,0,8,4,-1,4,0,,,118.91,
30,0,9,4,-1,4,3,,,118.91,
30,0,10,1,-1,1,0,,,118.91,
30,0,11,2,-1,2,2,,,118.91,
30,0,12,0,-1,0,3,,,118.91,
30,0,13,3,-1,3,4,,,118.91,
30,0,14,0,-1,0,2,,,118.91,
30,0,15,0,-1,0,2,,,118.91,
30,0,16,4,-1,4,1,,,118.91,
30,0,17,1,-1,1,3,,,118.91,
30,0,18,3,-1,3,4,,,118.91,
30,0,19,2,-1,2,4,,,118.91,
30,0,20,3,-1,3,1,,,118.91,
30,0,21,3,-1,3,0,,,118.91,
30,0,22,4,-1,4,3,,,118.91,
30,0,23,4,-1,4,3,,,118.91,
30,0,24,4,-1,4,4,,,118.91,
30,0,25,3,-1,3,3,,,118.91,
30,0,26,0,-1,0,0,,,118.91,
30,0,27,3,-1,3,2,,,118.91,
30,0,28,0,-1,3,0,,,118.91,
30,0,29,1,-1,0,1,,,118.91,
30,0,30,2,-1,2,3,,,118.91,
30,0,31,3,-1,3,2,,,118.91,
30,0,32,0,-1,0,4,,,118.91,
30,0,33,1,-1,1,2,,,118.91,
30,0,34,4,-1,4,0,,,118.91,
30,0,35,1,-1,1,0,,,118.91,
30,0,36,3,-1,3,1,,,118.91,
30,0,37,0,-1,0,4,,,118.91,
30,0,38,0,-1,0,3,,,118.91,
30,0,39,0,-1,0,4,,,118.91,
30,0,40,4,-1,4,4,,,118.91,
30,0,41,3,-1,3,3,,,118.91,
30,0,42,2,-1,2,3,,,118.91,
30,0,43,0,-1,2,3,,,118.91,
30,0,44,2,-1,2,3,,,118.91,
30,0,45,4,-1,4,2,,,118.91,
30,0,46,1,-1,1,1,,,118.91,
30,0,47,0,-1,0,4,,,118.91,
30,0,48,2,-1,3,2,,,118.91,
30,0,49,1,-1,1,3,,,118.91,
30,0,50,1,-1,4,4,,,118.91,
30,0,51,4,-1,4,0,,,118.91,
30,0,52,1,-1,1,4,,,118.91,
30,0,53,3,-1,3,3,,,118.91,
30,0,54,3,-1,1,3,,,118.91,
30,0,55,0,-1,0,1,,,118.91,
30,0,56,3,-1,4,1,,,118.91,
30,0,57,1,-1,4,1,,,118.91,
30,0,58,3,-1,3,3,,,118.91,
30,0,59,1,-1,1,0,,,118.91,
30,0,60,0,-1,0,3,,,118.91,
30,0,61,2,-1,2,3,,,118.91,
30,0,62,1,-1,1,2,,,118.91,
30,0,63,0,-1,0,0,,,118.91,
30,0,64,3,-1,0,2,,,118.91,
30,0,65,4,-1,4,4,,,118.91,
30,0,66,1,-1,1,0,,,118.91,
30,0,67,4,-1,4,1,,,118.91,
30,0,68,3,-1,3,4,,,118.91,
30,0,69,0,-1,0,3,,,118.91,
30,0,70,0,-1,0,1,,,118.91,
30,0,71,2,-1,2,2,,,118.91,
30,0,72,2,-1,2,1,,,118.91,
30,0,73,2,-1,2,0,,,118.91,
30,0,74,2,-1,2,1,,,118.91,
30,0,75,4,-1,4,2,,,118.91,
30,0,76,0,-1,0,4,,,118.91,
30,0,77,4,-1,4,1,,,118.91,
30,0,78,2,-1,2,3,,,118.91,
30,0,79,1,-1,1,1,,,118.91,
30,0,80,0,-1,4,2,,,118.91,
30,0,81,0,-1,0,2,,,118.91,
30,0,82,4,-1,4,3,,,118.91,
30,0,83,4,-1,1,2,,,118.91,
30,0,84,2,-1,2,2,,,118.91,
30,0,85,2,-1,2,1,,,118.91,
30,0,86,3,-1,3,2,,,118.91,
30,0,87,4,-1,4,2,,,118.91,
30,0,88,2,-1,2,4,,,118.91,
30,0,89,3,-1,0,4,,,118.91,
30,0,90,2,-1,1,0,,,118.91,
30,0,91,3,-1,3,0,,,118.91,
30,0,92,4,-1,4,2,,,118.91,
30,0,93,0,-1,0,1,,,118.91,
30,0,94,2,-1,2,1,,,118.91,
30,0,95,0,-1,0,2,,,118.91,
30,0,96,0,-1,0,4,,,118.91,
30,0,97,3,-1,3,2,,,118.91,
30,0,98,2,-1,2,1,,,118.91,
30,0,99,1,-1,1,4,,,118.91,
30,1,0,4,2,4,1,,,118.91,
30,1,1,1,2,1,2,,,118.91,
30,1,2,2,2,0,1,,,118.91,
30,1,3,0,2,0,1,,,118.91,
30,1,4,0,1,4,2,,,118.91,
30,1,5,3,2,3,1,,,118.91,
30,1,6,1,0,0,2,,,118.91,
30,1,7,3,2,3,1,,,118.91,
30,1,8,0,1,1,1,,,118.91,
30,1,9,0,4,4,1,,,118.91,
30,1,10,1,4,1,3,,,118.91,
30,1,11,2,1,2,4,,,118.91,
30,1,12,3,4,3,1,,,118.91,
30,1,13,2,3,2,1,,,118.91,
30,1,14,1,0,0,0,,,118.91,
30,1,15,2,3,2,3,,,118.91,
30,1,16,0,0,0,2,,,118.91,
30,1,17,2,1,2,1,,,118.91,
30,1,18,3,2,3,2,,,118.91,
30,1,19,4,0,0,3,,,118.91,
30,1,20,3,2,3,0,,,118.91,
30,1,21,0,2,0,0,,,118.91,
30,1,22,2,2,2,4,,,118.91,
30,1,23,1,1,1,3,,,118.91,
30,1,24,0,2,3,0,,,118.91,
30,1,25,1,3,1,4,,,118.91,
30,1,26,2,0,2,4,,,118.91,
30,1,27,4,4,4,3,,,118.91,
30,1,28,2,3,2,2,,,118.91,
30,1,29,0,2,2,4,,,118.91,
30,1,30,4,2,4,1,,,118.91,
30,1,31,3,0,3,2,,,118.91,
30,1,32,1,2,1,4,,,118.91,
30,1,33,4,1,4,0,,,118.91,
30,1,34,1,4,1,4,,,118.91,
30,1,35,4,3,4,0,,,118.91,
30,1,36,4,4,4,3,,,118.91,
30,1,37,4,1,4,4,,,118.91,
30,1,38,0,3,0,3,,,118.91,
30,1,39,4,2,4,2,,,118.91,
30,1,40,4,4,4,2,,,118.91,
30,1,41,3,2,3,1,,,118.91,
30,1,42,0,4,0,1,,,118.91,
30,1,43,4,1,4,1,,,118.91,
30,1,44,1,0,1,1,,,118.91,
30,1,45,3,1,3,1,,,118.91,
30,1,46,2,1,2,0,,,118.91,
30,1,47,1,3,1,0,,,118.91,
30,1,48,1,0,0,2,,,118.91,
30,1,49,0,4,0,4,,,118.91,
30,1,50,1,2,1,4,,,118.91,
30,1,51,4,2,4,3,,,118.91,
30,1,52,4,4,4,4,,,118.91,
30,1,53,1,0,1,2,,,118.91,
30,1,54,4,2,4,3,,,118.91,
30,1,55,4,2,4,0,,,118.91,
30,1,56,3,2,3,1,,,118.91,
30,1,57,1,2,1,2,,,118.91,
30,1,58,0,0,0,4,,,118.91,
30,1,59,4,4,4,2,,,118.91,
30,1,60,3,1,3,3,,,118.91,
30,1,61,2,1,2,4,,,118.91,
30,1,62,2,4,2,3,,,118.91,
30,1,63,4,4,4,0,,,118.91,
30,1,64,3,2,0,1,,,118.91,
30,1,65,2,2,2,0,,,118.91,
30,1,66,3,3,3,3,,,118.91,
30,1,67,2,2,2,2,,,118.91,
30,1,68,0,2,0,0,,,118.91,
30,1,69,1,4,4,2,,,118.91,
30,1,70,4,2,4,3,,,118.91,
30,1,71,0,3,0,0,,,118.91,
30,1,72,4,1,4,1,,,118.91,
30,1,73,4,4,4,0,,,118.91,
30,1,74,1,1,1,1,,,118.91,
30,1,75,4,1,1,0,,,118.91,
30,1,76,1,4,1,4,,,118.91,
30,1,77,4,2,4,3,,,118.91,
30,1,78,0,2,0,1,,,118.91,
30,1,79,2,2,2,2,,,118.91,
30,1,80,1,3,1,1,,,118.91,
30,1,81,2,0,2,3,,,118.91,
30,1,82,3,0,3,2,,,118.91,
30,1,83,2,2,2,1,,,118.91,
30,1,84,3,4,3,0,,,118.91,
30,1,85,4,1,4,4,,,118.91,
30,1,86,2,1,2,2,,,118.91,
30,1,87,2,0,2,0,,,118.91,
30,1,88,2,2,2,0,,,118.91,
30,1,89,0,1,0,0,,,118.91,
30,1,90,3,0,3,0,,,118.91,
30,1,91,4,1,4,2,,,118.91,
30,1,92,4,2,3,4,,,118.91,
30,1,93,3,0,3,4,,,118.91,
30,1,94,1,4,1,4,,,118.91,
30,1,95,0,0,0,2,,,118.91,
30,1,96,0,1,0,1,,,118.91,
30,1,97,0,0,0,1,,,118.91,
30,1,98,3,1,1,3,,,118.91,
30,1,99,1,3,1,4,,,118.91,
30,2,0,0,2,0,0,,,118.91,
30,2,1,3,4,4,0,,,118.91,
30,2,2,4,2,2,0,,,118.91,
30,2,3,2,3,2,2,,,118.91,
30,2,4,1,0,1,0,,,118.91,
30,2,5,0,1,1,1,,,118.91,
30,2,6,0,2,0,2,,,118.91,
30,2,7,3,0,3,0,,,118.91,
30,2,8,4,0,4,3,,,118.91,
30,2,9,0,2,4,1,,,118.91,
30,2,10,3,0,0,2,,,118.91,
30,2,11,1,1,1,0,,,118.91,
30,2,12,0,3,3,0,,,118.91,
30,2,13,3,3,3,3,,,118.91,
30,2,14,1,4,4,1,,,118.91,
30,2,15,1,2,2,3,,,118.91,
30,2,16,4,2,2,4,,,118.91,
30,2,17,3,3,3,4,,,118.91,
30,2,18,2,4,2,2,,,118.91,
30,2,19,4,1,1,1,,,118.91,
30,2,20,0,1,0,0,,,118.91,
30,2,21,2,4,2,1,,,118.91,
30,2,22,3,4,4,3,,,118.91,
30,2,23,2,4,2,0,,,118.91,
30,2,24,4,0,4,0,,,118.91,
30,2,25,1,2,2,1,,,118.91,
30,2,26,0,2,2,2,,,118.91,
30,2,27,3,2,3,4,,,118.91,
30,2,28,3,3,3,1,,,118.91,
30,2,29,4,4,4,2,,,118.91,
30,2,30,1,3,1,3,,,118.91,
30,2,31,2,3,2,1,,,118.91,
30,2,32,1,0,0,2,,,118.91,
30,2,33,0,3,3,0,,,118.91,
30,2,34,3,1,3,4,,,118.91,
30,2,35,0,0,0,3,,,118.91,
30,2,36,2,3,2,0,,,118.91,
30,2,37,2,1,2,0,,,118.91,
30,2,38,2,2,2,3,,,118.91,
30,2,39,2,2,2,2,,,118.91,
30,2,40,0,4,0,3,,,118.91,
30,2,41,2,0,0,1,,,118.91,
30,2,42,4,0,0,4,,,118.91,
30,2,43,2,1,0,1,,,118.91,
30,2,44,4,2,4,0,,,118.91,
30,2,45,4,4,4,1,,,118.91,
30,2,46,3,0,0,1,,,118.91,
30,2,47,0,3,3,4,,,118.91,
30,2,48,4,2,4,3,,,118.91,
30,2,49,3,1,3,3,,,118.91,
30,2,50,3,4,3,4,,,118.91,
30,2,51,3,4,4,1,,,118.91,
30,2,52,0,3,3,3,,,118.91,
30,2,53,2,2,2,2,,,118.91,
30,2,54,2,4,4,4,,,118.91,
30,2,55,0,4,0,4,,,118.91,
30,2,56,4,1,4,0,,,118.91,
30,2,57,3,1,3,1,,,118.91,
30,2,58,4,2,2,1,,,118.91,
30,2,59,2,4,2,2,,,118.91,
30,2,60,2,4,4,4,,,118.91,
30,2,61,0,3,0,3,,,118.91,
30,2,62,4,2,2,2,,,118.91,
30,2,63,1,2,1,0,,,118.91,
30,2,64,1,1,1,3,,,118.91,
30,2,65,1,1,1,0,,,118.91,
30,2,66,3,1,1,1,,,118.91,
30,2,67,0,2,0,4,,,118.91,
30,2,68,3,1,1,4,,,118.91,
30,2,69,0,1,0,2,,,118.91,
30,2,70,2,4,4,0,,,118.91,
30,2,71,0,4,4,1,,,118.91,
30,2,72,4,1,1,1,,,118.91,
30,2,73,1,2,2,0,,,118.91,
30,2,74,2,2,2,0,,,118.91,
30,2,75,2,1,2,3,,,118.91,
30,2,76,0,1,1,2,,,118.91,
30,2,77,1,3,3,1,,,118.91,
30,2,78,0,2,0,4,,,118.91,
30,2,79,2,1,1,4,,,118.91,
30,2,80,4,3,4,1,,,118.91,
30,2,81,1,4,4,3,,,118.91,
30,2,82,3,1,1,2,,,118.91,
30,2,83,3,2,2,1,,,118.91,
30,2,84,1,0,0,3,,,118.91,
30,2,85,3,2,3,3,,,118.91,
30,2,86,3,0,3,4,,,118.91,
30,2,87,1,3,1,2,,,118.91,
30,2,88,0,0,0,0,,,118.91,
30,2,89,1,0,1,4,,,118.91,
30,2,90,0,2,2,3,,,118.91,
30,2,91,4,1,1,3,,,118.91,
30,2,92,2,3,3,2,,,118.91,
30,2,93,4,0,4,2,,,118.91,
30,2,94,1,0,1,1,,,118.91,
30,2,95,1,2,1,0,,,118.91,
30,2,96,1,0,0,4,,,118.91,
30,2,97,4,1,4,0,,,118.91,
30,2,98,1,0,0,1,,,118.91,
30,2,99,1,0,0,2,,,118.91,
30,3,0,1,0,0,2,,,118.91,
30,3,1,2,1,1,4,,,118.91,
30,3,2,1,4,4,0,,,118.91,
30,3,3,4,4,4,3,,,118.91,
30,3,4,1,3,3,0,,,118.91,
30,3,5,1,0,0,1,,,118.91,
30,3,6,1,3,3,3,,,118.91,
30,3,7,0,2,2,3,,,118.91,
30,3,8,0,0,0,3,,,118.91,
30,3,9,3,2,2,0,,,118.91,
30,3,10,3,0,0,1,,,118.91,
30,3,11,0,1,0,0,,,118.91,
30,3,12,0,3,3,3,,,118.91,
30,3,13,0,3,3,2,,,118.91,
30,3,14,2,4,4,0,,,118.91,
30,3,15,1,2,2,1,,,118.91,
30,3,16,3,0,0,2,,,118.91,
30,3,17,0,0,0,1,,,118.91,
30,3,18,1,1,1,3,,,118.91,
30,3,19,3,2,2,2,,,118.91,
30,3,20,2,3,3,3,,,118.91,
30,3,21,4,4,4,3,,,118.91,
30,3,22,2,4,4,4,,,118.91,
30,3,23,1,4,4,4,,,118.91,
30,3,24,3,0,0,3,,,118.91,
30,3,25,0,2,2,4,,,118.91,
30,3,26,4,0,0,4,,,118.91,
30,3,27,0,3,3,0,,,118.91,
30,3,28,4,2,2,4,,,118.91,
30,3,29,0,1,1,1,,,118.91,
30,3,30,0,3,0,2,,,118.91,
30,3,31,3,1,1,2,,,118.91,
30,3,32,3,3,3,1,,,118.91,
30,3,33,1,2,2,0,,,118.91,
30,3,34,2,1,2,4,,,118.91,
30,3,35,0,0,0,1,,,118.91,
30,3,36,4,1,1,3,,,118.91,
30,3,37,2,4,4,4,,,118.91,
30,3,38,4,2,4,1,,,118.91,
30,3,39,2,3,3,4,,,118.91,
30,3,40,0,2,2,2,,,118.91,
30,3,41,1,4,4,3,,,118.91,
30,3,42,2,3,3,2,,,118.91,
30,3,43,4,1,4,2,,,118.91,
30,3,44,0,2,2,1,,,118.91,
30,3,45,3,4,4,2,,,118.91,
30,3,46,1,0,0,2,,,118.91,
30,3,47,0,3,3,0,,,118.91,
30,3,48,4,2,4,2,,,118.91,
30,3,49,2,2,2,4,,,118.91,
30,3,50,2,3,3,1,,,118.91,
30,3,51,1,0,0,2,,,118.91,
30,3,52,1,4,4,0,,,118.91,
30,3,53,4,3,3,4,,,118.91,
30,3,54,3,0,0,1,,,118.91,
30,3,55,1,3,1,4,,,118.91,
30,3,56,3,2,2,1,,,118.91,
30,3,57,4,1,1,2,,,118.91,
30,3,58,2,1,1,0,,,118.91,
30,3,59,3,4,4,4,,,118.91,
30,3,60,4,2,4,0,,,118.91,
30,3,61,1,3,3,4,,,118.91,
30,3,62,0,4,4,4,,,118.91,
30,3,63,2,0,2,1,,,118.91,
30,3,64,4,0,4,1,,,118.91,
30,3,65,4,1,1,1,,,118.91,
30,3,66,2,4,4,2,,,118.91,
30,3,67,2,2,2,4,,,118.91,
30,3,68,1,2,2,3,,,118.91,
30,3,69,2,3,3,4,,,118.91,
30,3,70,2,3,2,0,,,118.91,
30,3,71,4,2,2,4,,,118.91,
30,3,72,3,4,4,1,,,118.91,
30,3,73,2,3,3,1,,,118.91,
30,3,74,2,4,4,0,,,118.91,
30,3,75,4,1,1,0,,,118.91,
30,3,76,4,0,0,1,,,118.91,
30,3,77,3,3,3,0,,,118.91,
30,3,78,4,0,0,4,,,118.91,
30,3,79,2,2,2,2,,,118.91,
30,3,80,1,4,4,4,,,118.91,
30,3,81,3,0,0,1,,,118.91,
30,3,82,1,0,0,4,,,118.91,
30,3,83,1,3,3,0,,,118.91,
30,3,84,2,1,1,4,,,118.91,
30,3,85,2,0,0,0,,,118.91,
30,3,86,0,2,2,4,,,118.91,
30,3,87,2,2,2,4,,,118.91,
30,3,88,2,0,0,2,,,118.91,
30,3,89,1,3,3,0,,,118.91,
30,3,90,2,3,3,3,,,118.91,
30,3,91,2,0,0,3,,,118.91,
30,3,92,2,3,3,0,,,118.91,
30,3,93,4,0,0,2,,,118.91,
30,3,94,3,1,1,0,,,118.91,
30,3,95,1,1,1,2,,,118.91,
30,3,96,3,2,2,1,,,118.91,
30,3,97,1,1,1,4,,,118.91,
30,3,98,3,1,1,3,,,118.91,
30,3,99,2,1,2,4,,,118.91,
30,4,0,2,3,3,4,,,118.91,
30,4,1,1,0,0,4,,,118.91,
30,4,2,4,0,0,3,,,118.91,
30,4,3,4,0,0,0,,,118.91,
30,4,4,2,0,0,4,,,118.91,
30,4,5,3,1,1,0,,,118.91,
30,4,6,3,0,0,1,,,118.91,
30,4,7,4,0,0,3,,,118.91,
30,4,8,0,1,1,1,,,118.91,
30,4,9,3,1,1,1,,,118.91,
30,4,10,3,1,1,2,,,118.91,
30,4,11,0,0,0,3,,,118.91,
30,4,12,0,0,0,0,,,118.91,
30,4,13,0,1,1,0,,,118.91,
30,4,14,4,0,0,0,,,118.91,
30,4,15,4,1,1,2,,,118.91,
30,4,16,1,2,2,3,,,118.91,
30,4,17,3,0,0,3,,,118.91,
30,4,18,4,4,4,0,,,118.91,
30,4,19,1,4,4,4,,,118.91,
30,4,20,1,0,0,3,,,118.91,
30,4,21,1,0,0,3,,,118.91,
30,4,22,2,4,4,2,,,118.91,
30,4,23,2,1,1,4,,,118.91,
30,4,24,4,1,1,3,,,118.91,
30,4,25,3,1,1,3,,,118.91,
30,4,26,4,3,3,4,,,118.91,
30,4,27,3,2,2,4,,,118.91,
30,4,28,3,1,1,3,,,118.91,
30,4,29,0,4,4,0,,,118.91,
30,4,30,2,0,0,0,,,118.91,
30,4,31,4,2,2,0,,,118.91,
30,4,32,0,4,4,0,,,118.91,
30,4,33,2,3,3,1,,,118.91,
30,4,34,2,3,3,3,,,118.91,
30,4,35,1,2,2,0,,,118.91,
30,4,36,1,1,1,1,,,118.91,
30,4,37,1,0,0,1,,,118.91,
30,4,38,4,1,4,3,,,118.91,
30,4,39,4,1,1,2,,,118.91,
30,4,40,0,3,3,2,,,118.91,
30,4,41,0,0,0,4,,,118.91,
30,4,42,3,3,3,0,,,118.91,
30,4,43,3,2,2,2,,,118.91,
30,4,44,2,4,4,3,,,118.91,
30,4,45,0,0,0,3,,,118.91,
30,4,46,3,0,0,4,,,118.91,
30,4,47,4,3,3,2,,,118.91,
30,4,48,4,1,1,0,,,118.91,
30,4,49,1,4,4,3,,,118.91,
30,4,50,1,4,4,0,,,118.91,
30,4,51,1,0,0,3,,,118.91,
30,4,52,4,2,2,4,,,118.91,
30,4,53,2,4,4,2,,,118.91,
30,4,54,2,0,0,1,,,118.91,
30,4,55,1,4,4,2,,,118.91,
30,4,56,3,3,3,3,,,118.91,
30,4,57,4,0,0,1,,,118.91,
30,4,58,4,2,2,4,,,118.91,
30,4,59,1,4,4,2,,,118.91,
30,4,60,0,2,2,4,,,118.91,
30,4,61,2,4,2,2,,,118.91,
30,4,62,2,4,4,1,,,118.91,
30,4,63,4,3,3,2,,,118.91,
30,4,64,3,1,1,1,,,118.91,
30,4,65,0,3,3,0,,,118.91,
30,4,66,4,1,1,4,,,118.91,
30,4,67,3,3,3,0,,,118.91,
30,4,68,3,3,3,2,,,118.91,
30,4,69,3,1,1,1,,,118.91,
30,4,70,3,1,1,3,,,118.91,
30,4,71,0,4,4,3,,,118.91,
30,4,72,0,1,0,1,,,118.91,
30,4,73,2,3,3,3,,,118.91,
30,4,74,4,4,4,2,,,118.91,
30,4,75,0,2,2,2,,,118.91,
30,4,76,2,0,0,1,,,118.91,
30,4,77,1,4,4,4,,,118.91,
30,4,78,4,0,0,4,,,118.91,
30,4,79,2,1,1,1,,,118.91,
30,4,80,0,4,4,2,,,118.91,
30,4,81,2,1,1,3,,,118.91,
30,4,82,0,4,4,0,,,118.91,
30,4,83,0,2,2,3,,,118.91,
30,4,84,1,4,4,1,,,118.91,
30,4,85,3,1,1,4,,,118.91,
30,4,86,0,1,1,3,,,118.91,
30,4,87,2,2,2,1,,,118.91,
30,4,88,0,2,2,4,,,118.91,
30,4,89,4,1,1,2,,,118.91,
30,4,90,2,4,4,2,,,118.91,
30,4,91,2,0,0,2,,,118.91,
30,4,92,1,1,1,0,,,118.91,
30,4,93,3,0,0,4,,,118.91,
30,4,94,3,0,0,4,,,118.91,
30,4,95,3,3,3,4,,,118.91,
30,4,96,3,4,3,3,,,118.91,
30,4,97,3,0,0,0,,,118.91,
30,4,98,0,3,3,0,,,118.91,
30,4,99,3,0,0,4,,,118.91,
30,5,0,2,1,1,2,,,118.91,
30,5,1,3,1,1,2,,,118.91,
30,5,2,1,1,1,0,,,118.91,
30,5,3,0,3,3,4,,,118.91,
30,5,4,1,1,1,4,,,118.91,
30,5,5,1,3,3,1,,,118.91,
30,5,6,3,0,0,1,,,118.91,
30,5,7,1,1,1,4,,,118.91,
30,5,8,4,3,3,1,,,118.91,
30,5,9,2,1,1,0,,,118.91,
30,5,10,2,0,0,1,,,118.91,
30,5,11,0,0,0,3,,,118.91,
30,5,12,0,2,2,2,,,118.91,
30,5,13,3,3,3,3,,,118.91,
30,5,14,1,3,3,0,,,118.91,
30,5,15,0,1,1,1,,,118.91,
30,5,16,2,2,2,3,,,118.91,
30,5,17,4,4,4,1,,,118.91,
30,5,18,3,2,2,2,,,118.91,
30,5,19,4,3,3,1,,,118.91,
30,5,20,2,4,4,3,,,118.91,
30,5,21,2,0,0,0,,,118.91,
30,5,22,4,1,1,1,,,118.91,
30,5,23,3,0,0,4,,,118.91,
30,5,24,3,1,1,2,,,118.91,
30,5,25,3,2,2,1,,,118.91,
30,5,26,2,3,3,1,,,118.91,
30,5,27,2,1,1,4,,,118.91,
30,5,28,3,1,1,2,,,118.91,
30,5,29,3,3,3,2,,,118.91,
30,5,30,3,0,0,0,,,118.91,
30,5,31,3,2,2,2,,,118.91,
30,5,32,0,1,1,3,,,118.91,
30,5,33,0,4,4,0,,,118.91,
30,5,34,3,1,1,0,,,118.91,
30,5,35,1,3,3,1,,,118.91,
30,5,36,4,3,3,0,,,118.91,
30,5,37,3,1,1,2,,,118.91,
30,5,38,3,0,0,0,,,118.91,
30,5,39,4,1,1,1,,,118.91,
30,5,40,4,0,0,2,,,118.91,
30,5,41,4,4,4,2,,,118.91,
30,5,42,1,4,4,2,,,118.91,
30,5,43,3,3,3,1,,,118.91,
30,5,44,2,4,4,2,,,118.91,
30,5,45,1,4,4,4,,,118.91,
30,5,46,1,0,0,0,,,118.91,
30,5,47,2,3,3,4,,,118.91,
30,5,48,4,1,1,2,,,118.91,
30,5,49,0,4,4,0,,,118.91,
30,5,50,4,0,0,1,,,118.91,
30,5,51,1,4,4,3,,,118.91,
30,5,52,4,3,3,2,,,118.91,
30,5,53,4,2,2,3,,,118.91,
30,5,54,3,4,4,1,,,118.91,
30,5,55,2,4,4,1,,,118.91,
30,5,56,3,2,2,4,,,118.91,
30,5,57,0,2,2,3,,,118.91,
30,5,58,1,1,1,4,,,118.91,
30,5,59,4,2,2,2,,,118.91,
30,5,60,2,0,0,4,,,118.91,
30,5,61,3,2,2,0,,,118.91,
30,5,62,0,3,3,1,,,118.91,
30,5,63,1,2,2,2,,,118.91,
30,5,64,4,2,2,2,,,118.91,
30,5,65,3,0,0,4,,,118.91,
30,5,66,1,1,1,2,,,118.91,
30,5,67,1,4,4,0,,,118.91,
30,5,68,0,0,0,2,,,118.91,
30,5,69,2,4,4,1,,,118.91,
30,5,70,2,2,2,2,,,118.91,
30,5,71,4,0,0,4,,,118.91,
30,5,72,4,4,4,1,,,118.91,
30,5,73,1,1,1,2,,,118.91,
30,5,74,0,1,1,4,,,118.91,
30,5,75,3,4,4,3,,,118.91,
30,5,76,1,4,4,1,,,118.91,
30,5,77,1,3,3,1,,,118.91,
30,5,78,0,1,1,1,,,118.91,
30,5,79,0,4,4,2,,,118.91,
30,5,80,4,3,3,3,,,118.91,
30,5,81,2,2,2,1,,,118.91,
30,5,82,0,3,3,1,,,118.91,
30,5,83,2,1,1,2,,,118.91,
30,5,84,1,1,1,3,,,118.91,
30,5,85,1,2,2,0,,,118.91,
30,5,86,4,4,4,0,,,118.91,
30,5,87,1,3,3,4,,,118.91,
30,5,88,2,0,0,0,,,118.91,
30,5,89,3,2,2,2,,,118.91,
30,5,90,2,2,2,2,,,118.91,
30,5,91,1,0,0,2,,,118.91,
30,5,92,4,3,3,1,,,118.91,
30,5,93,0,3,3,2,,,118.91,
30,5,94,4,1,1,4,,,118.91,
30,5,95,4,0,0,4,,,118.91,
30,5,96,0,2,2,2,,,118.91,
30,5,97,2,0,0,2,,,118.91,
30,5,98,3,0,0,0,,,118.91,
30,5,99,3,4,4,2,,,118.91,
30,6,0,2,2,2,2,,,118.91,
30,6,1,4,4,4,2,,,118.91,
30,6,2,4,2,2,2,,,118.91,
30,6,3,0,1,1,2,,,118.91,
30,6,4,4,3,3,3,,,118.91,
30,6,5,2,1,1,3,,,118.91,
30,6,6,2,0,0,3,,,118.91,
30,6,7,2,4,4,2,,,118.91,
30,6,8,2,4,4,1,,,118.91,
30,6,9,0,3,3,2,,,118.91,
30,6,10,2,4,4,0,,,118.91,
30,6,11,0,4,4,4,,,118.91,
30,6,12,2,1,1,0,,,118.91,
30,6,13,3,4,4,0,,,118.91,
30,6,14,3,4,4,4,,,118.91,
30,6,15,0,4,4,1,,,118.91,
30,6,16,4,1,1,0,,,118.91,
30,6,17,0,2,2,4,,,118.91,
30,6,18,3,0,0,0,,,118.91,
30,6,19,4,3,3,3,,,118.91,
30,6,20,2,3,3,3,,,118.91,
30,6,21,1,0,0,3,,,118.91,
30,6,22,4,3,3,4,,,118.91,
30,6,23,1,1,1,2,,,118.91,
30,6,24,4,4,4,0,,,118.91,
30,6,25,2,1,1,3,,,118.91,
30,6,26,2,3,3,0,,,118.91,
30,6,27,0,2,2,1,,,118.91,
30,6,28,3,3,3,0,,,118.91,
30,6,29,2,1,1,1,,,118.91,
30,6,30,1,0,0,2,,,118.91,
30,6,31,2,2,2,0,,,118.91,
30,6,32,1,3,3,2,,,118.91,
30,6,33,3,3,3,3,,,118.91,
30,6,34,2,0,0,2,,,118.91,
30,6,35,4,1,1,3,,,118.91,
30,6,36,4,0,0,3,,,118.91,
30,6,37,0,2,2,1,,,118.91,
30,6,38,4,4,4,2,,,118.91,
30,6,39,1,3,3,2,,,118.91,
30,6,40,1,2,2,4,,,118.91,
30,6,41,2,2,2,0,,,118.91,
30,6,42,0,2,2,1,,,118.91,
30,6,43,1,1,1,1,,,118.91,
30,6,44,0,4,4,3,,,118.91,
30,6,45,4,0,0,0,,,118.91,
30,6,46,3,2,2,3,,,118.91,
30,6,47,0,3,3,2,,,118.91,
30,6,48,1,0,0,0,,,118.91,
30,6,49,1,4,4,4,,,118.91,
30,6,50,2,1,1,2,,,118.91,
30,6,51,2,1,1,2,,,118.91,
30,6,52,0,0,0,1,,,118.91,
30,6,53,1,1,1,3,,,118.91,
30,6,54,4,3,3,4,,,118.91,
30,6,55,3,2,2,2,,,118.91,
30,6,56,2,0,0,3,,,118.91,
30,6,57,3,4,4,2,,,118.91,
30,6,58,0,4,4,1,,,118.91,
30,6,59,2,1,1,3,,,118.91,
30,6,60,1,3,3,4,,,118.91,
30,6,61,0,0,0,4,,,118.91,
30,6,62,4,1,1,4,,,118.91,
30,6,63,1,4,4,0,,,118.91,
30,6,64,1,2,2,1,,,118.91,
30,6,65,2,4,4,0,,,118.91,
30,6,66,3,3,3,0,,,118.91,
30,6,67,1,3,3,0,,,118.91,
30,6,68,3,1,1,1,,,118.91,
30,6,69,1,2,2,0,,,118.91,
30,6,70,3,1,1,2,,,118.91,
30,6,71,3,4,4,1,,,118.91,
30,6,72,0,2,2,0,,,118.91,
30,6,73,4,2,2,1,,,118.91,
30,6,74,3,0,0,4,,,118.91,
30,6,75,2,1,1,0,,,118.91,
30,6,76,1,0,0,1,,,118.91,
30,6,77,3,1,1,1,,,118.91,
30,6,78,1,4,4,4,,,118.91,
30,6,79,2,1,1,2,,,118.91,
30,6,80,1,0,0,4,,,118.91,
30,6,81,2,2,2,0,,,118.91,
30,6,82,4,0,0,1,,,118.91,
30,6,83,4,4,4,4,,,118.91,
30,6,84,3,2,2,4,,,118.91,
30,6,85,1,3,3,4,,,118.91,
30,6,86,0,1,1,2,,,118.91,
30,6,87,4,2,2,2,,,118.91,
30,6,88,2,0,0,2,,,118.91,
30,6,89,1,4,4,0,,,118.91,
30,6,90,1,4,4,2,,,118.91,
30,6,91,1,4,4,2,,,118.91,
30,6,92,0,2,2,2,,,118.91,
30,6,93,2,3,3,2,,,118.91,
30,6,94,3,3,3,1,,,118.91,
30,6,95,0,2,2,4,,,118.91,
30,6,96,3,4,4,2,,,118.91,
30,6,97,4,3,3,0,,,118.91,
30,6,98,2,3,3,4,,,118.91,
30,6,99,3,2,2,2,,,118.91,
30,7,0,2,3,3,4,,,118.91,
30,7,1,0,3,3,1,,,118.91,
30,7,2,0,4,4,0,,,118.91,
30,7,3,0,4,4,0,,,118.91,
30,7,4,2,0,0,0,,,118.91,
30,7,5,1,4,4,2,,,118.91,
30,7,6,0,3,3,1,,,118.91,
30,7,7,0,0,0,1,,,118.91,
30,7,8,1,1,1,2,,,118.91,
30,7,9,0,1,1,2,,,118.91,
30,7,10,2,1,1,1,,,118.91,
30,7,11,3,3,3,0,,,118.91,
30,7,12,3,1,1,0,,,118.91,
30,7,13,3,1,1,2,,,118.91,
30,7,14,4,3,3,0,,,118.91,
30,7,15,1,4,4,2,,,118.91,
30,7,16,3,4,4,4,,,118.91,
30,7,17,0,3,3,2,,,118.91,
30,7,18,2,0,0,4,,,118.91,
30,7,19,1,4,4,4,,,118.91,
30,7,20,1,0,0,2,,,118.91,
30,7,21,2,2,2,1,,,118.91,
30,7,22,1,3,3,0,,,118.91,
30,7,23,4,3,3,3,,,118.91,
30,7,24,2,4,4,2,,,118.91,
30,7,25,3,3,3,0,,,118.91,
30,7,26,0,2,2,2,,,118.91,
30,7,27,3,2,2,4,,,118.91,
30,7,28,3,2,2,2,,,118.91,
30,7,29,0,3,3,0,,,118.91,
30,7,30,4,4,4,3,,,118.91,
30,7,31,0,4,4,1,,,118.91,
30,7,32,0,3,3,0,,,118.91,
30,7,33,2,3,3,2,,,118.91,
30,7,34,2,4,4,0,,,118.91,
30,7,35,2,1,1,1,,,118.91,
30,7,36,0,1,1,2,,,118.91,
30,7,37,2,4,4,1,,,118.91,
30,7,38,2,3,3,0,,,118.91,
30,7,39,2,0,0,1,,,118.91,
30,7,40,0,2,2,2,,,118.91,
30,7,41,2,2,2,4,,,118.91,
30,7,42,3,2,2,4,,,118.91,
30,7,43,3,1,1,2,,,118.91,
30,7,44,1,2,2,4,,,118.91,
30,7,45,0,1,1,0,,,118.91,
30,7,46,0,3,3,0,,,118.91,
30,7,47,4,0,0,2,,,118.91,
30,7,48,4,2,2,2,,,118.91,
30,7,49,4,2,2,0,,,118.91,
30,7,50,3,1,1,0,,,118.91,
30,7,51,4,2,2,3,,,118.91,
30,7,52,4,1,1,4,,,118.91,
30,7,53,0,2,2,3,,,118.91,
30,7,54,0,2,2,2,,,118.91,
30,7,55,1,4,4,0,,,118.91,
30,7,56,2,1,1,3,,,118.91,
30,7,57,0,4,4,1,,,118.91,
30,7,58,3,2,2,3,,,118.91,
30,7,59,0,0,0,1,,,118.91,
30,7,60,0,1,1,1,,,118.91,
30,7,61,1,1,1,0,,,118.91,
30,7,62,2,0,0,1,,,118.91,
30,7,63,2,4,4,1,,,118.91,
30,7,64,4,3,3,2,,,118.91,
30,7,65,0,2,2,0,,,118.91,
30,7,66,3,3,3,1,,,118.91,
30,7,67,2,1,1,2,,,118.91,
30,7,68,0,2,2,1,,,118.91,
30,7,69,1,2,2,3,,,118.91,
30,7,70,1,1,1,1,,,118.91,
30,7,71,2,3,3,2,,,118.91,
30,7,72,1,1,1,0,,,118.91,
30,7,73,3,1,1,0,,,118.91,
30,7,74,4,2,2,2,,,118.91,
30,7,75,2,0,0,2,,,118.91,
30,7,76,0,0,0,4,,,118.91,
30,7,77,3,3,3,1,,,118.91,
30,7,78,1,0,0,4,,,118.91,
30,7,79,4,0,0,2,,,118.91,
30,7,80,1,3,3,0,,,118.91,
30,7,81,2,1,1,0,,,118.91,
30,7,82,4,0,0,0,,,118.91,
30,7,83,1,1,1,3,,,118.91,
30,7,84,2,4,4,4,,,118.91,
30,7,85,2,2,2,4,,,118.91,
30,7,86,0,0,0,2,,,118.91,
30,7,87,3,1,1,0,,,118.91,
30,7,88,2,2,2,3,,,118.91,
30,7,89,0,0,0,3,,,118.91,
30,7,90,3,0,0,0,,,118.91,
30,7,91,3,0,0,2,,,118.91,
30,7,92,3,2,2,3,,,118.91,
30,7,93,3,0,0,0,,,118.91,
30,7,94,2,3,3,4,,,118.91,
30,7,95,1,0,0,4,,,118.91,
30,7,96,1,4,4,4,,,118.91,
30,7,97,2,4,4,3,,,118.91,
30,7,98,2,4,4,3,,,118.91,
30,7,99,4,3,3,4,,,118.91,
30,8,0,3,0,0,2,,,118.91,
30,8,1,3,0,0,4,,,118.91,
30,8,2,1,3,3,1,,,118.91,
30,8,3,3,3,3,4,,,118.91,
30,8,4,2,2,2,1,,,118.91,
30,8,5,3,2,2,3,,,118.91,
30,8,6,3,2,2,2,,,118.91,
30,8,7,4,0,0,4,,,118.91,
30,8,8,4,0,0,1,,,118.91,
30,8,9,2,1,1,4,,,118.91,
30,8,10,1,0,0,0,,,118.91,
30,8,11,2,2,2,4,,,118.91,
30,8,12,4,2,2,1,,,118.91,
30,8,13,4,0,0,1,,,118.91,
30,8,14,4,4,4,1,,,118.91,
30,8,15,4,1,1,4,,,118.91,
30,8,16,3,3,3,2,,,118.91,
30,8,17,4,1,1,2,,,118.91,
30,8,18,0,0,0,1,,,118.91,
30,8,19,0,4,4,3,,,118.91,
30,8,20,3,4,4,1,,,118.91,
30,8,21,1,2,2,3,,,118.91,
30,8,22,4,3,3,0,,,118.91,
30,8,23,4,3,3,2,,,118.91,
30,8,24,1,2,2,2,,,118.91,
30,8,25,2,2,2,2,,,118.91,
30,8,26,0,0,0,3,,,118.91,
30,8,27,1,0,0,1,,,118.91,
30,8,28,3,2,2,0,,,118.91,
30,8,29,0,2,2,2,,,118.91,
30,8,30,3,3,3,2,,,118.91,
30,8,31,1,3,3,0,,,118.91,
30,8,32,0,4,4,0,,,118.91,
30,8,33,1,0,0,0,,,118.91,
30,8,34,2,1,1,4,,,118.91,
30,8,35,2,1,1,0,,,118.91,
30,8,36,1,2,2,0,,,118.91,
30,8,37,2,0,0,3,,,118.91,
30,8,38,1,3,3,4,,,118.91,
30,8,39,4,0,0,0,,,118.91,
30,8,40,2,1,1,3,,,118.91,
30,8,41,2,2,2,0,,,118.91,
30,8,42,2,1,1,0,,,118.91,
30,8,43,3,3,3,0,,,118.91,
30,8,44,1,1,1,3,,,118.91,
30,8,45,2,2,2,0,,,118.91,
30,8,46,4,4,4,1,,,118.91,
30,8,47,0,3,3,2,,,118.91,
30,8,48,2,1,1,3,,,118.91,
30,8,49,3,0,0,0,,,118.91,
30,8,50,4,4,4,4,,,118.91,
30,8,51,2,4,4,2,,,118.91,
30,8,52,3,3,3,1,,,118.91,
30,8,53,4,2,2,3,,,118.91,
30,8,54,4,3,3,1,,,118.91,
30,8,55,1,3,3,3,,,118.91,
30,8,56,0,4,4,0,,,118.91,
30,8,57,3,2,2,1,,,118.91,
30,8,58,4,1,1,1,,,118.91,
30,8,59,1,3,3,2,,,118.91,
30,8,60,1,4,4,3,,,118.91,
30,8,61,4,2,2,4,,,118.91,
30,8,62,3,1,1,3,,,118.91,
30,8,63,2,3,3,4,,,118.91,
30,8,64,4,2,2,1,,,118.91,
30,8,65,4,0,0,3,,,118.91,
30,8,66,2,3,3,1,,,118.91,
30,8,67,0,4,4,3,,,118.91,
30,8,68,0,4,4,2,,,118.91,
30,8,69,2,4,4,4,,,118.91,
30,8,70,3,1,1,1,,,118.91,
30,8,71,2,1,1,0,,,118.91,
30,8,72,4,4,4,0,,,118.91,
30,8,73,3,2,2,0,,,118.91,
30,8,74,4,0,0,3,,,118.91,
30,8,75,1,0,0,4,,,118.91,
30,8,76,3,3,3,0,,,118.91,
30,8,77,0,0,0,1,,,118.91,
30,8,78,1,2,2,3,,,118.91,
30,8,79,1,4,4,4,,,118.91,
30,8,80,0,4,4,0,,,118.91,
30,8,81,3,3,3,4,,,118.91,
30,8,82,1,1,1,2,,,118.91,
30,8,83,1,2,2,1,,,118.91,
30,8,84,2,4,4,2,,,118.91,
30,8,85,2,4,4,4,,,118.91,
30,8,86,3,1,1,4,,,118.91,
30,8,87,1,0,0,2,,,118.91,
30,8,88,3,3,3,1,,,118.91,
30,8,89,4,3,3,2,,,118.91,
30,8,90,4,0,0,4,,,118.91,
30,8,91,4,2,2,4,,,118.91,
30,8,92,3,1,1,1,,,118.91,
30,8,93,2,0,0,0,,,118.91,
30,8,94,2,4,4,2,,,118.91,
30,8,95,4,3,3,4,,,118.91,
30,8,96,4,4,4,1,,,118.91,
30,8,97,1,0,0,2,,,118.91,
30,8,98,1,4,4,3,,,118.91,
30,8,99,3,0,0,4,,,118.91,
30,9,0,2,1,1,2,,,118.91,
30,9,1,2,2,2,4,,,118.91,
30,9,2,0,2,2,1,,,118.91,
30,9,3,1,4,4,2,,,118.91,
30,9,4,2,2,2,3,,,118.91,
30,9,5,0,0,0,2,,,118.91,
30,9,6,4,1,1,1,,,118.91,
30,9,7,4,1,1,3,,,118.91,
30,9,8,0,3,3,1,,,118.91,
30,9,9,2,3,3,3,,,118.91,
30,9,10,4,2,2,3,,,118.91,
30,9,11,4,3,3,2,,,118.91,
30,9,12,1,4,4,2,,,118.91,
30,9,13,0,2,2,2,,,118.91,
30,9,14,0,3,3,1,,,118.91,
30,9,15,3,0,0,0,,,118.91,
30,9,16,2,0,0,1,,,118.91,
30,9,17,2,2,2,1,,,118.91,
30,9,18,3,0,0,0,,,118.91,
30,9,19,0,4,4,3,,,118.91,
30,9,20,4,2,2,2,,,118.91,
30,9,21,2,4,4,1,,,118.91,
30,9,22,3,0,0,1,,,118.91,
30,9,23,3,2,2,0,,,118.91,
30,9,24,0,1,1,0,,,118.91,
30,9,25,1,2,2,1,,,118.91,
30,9,26,4,4,4,1,,,118.91,
30,9,27,4,2,2,1,,,118.91,
30,9,28,2,3,3,2,,,118.91,
30,9,29,3,1,1,4,,,118.91,
30,9,30,0,4,4,4,,,118.91,
30,9,31,4,0,0,1,,,118.91,
30,9,32,3,4,4,4,,,118.91,
30,9,33,2,4,4,2,,,118.91,
30,9,34,0,0,0,4,,,118.91,
30,9,35,1,1,1,1,,,118.91,
30,9,36,0,1,1,2,,,118.91,
30,9,37,1,3,3,0,,,118.91,
30,9,38,0,4,4,2,,,118.91,
30,9,39,1,3,3,2,,,118.91,
30,9,40,2,4,4,4,,,118.91,
30,9,41,0,4,4,4,,,118.91,
30,9,42,4,0,0,4,,,118.91,
30,9,43,1,4,4,0,,,118.91,
30,9,44,1,4,4,0,,,118.91,
30,9,45,1,2,2,0,,,118.91,
30,9,46,2,0,0,2,,,118.91,
30,9,47,3,1,1,4,,,118.91,
30,9,48,2,3,3,0,,,118.91,
30,9,49,3,4,4,0,,,118.91,
30,9,50,2,2,2,4,,,118.91,
30,9,51,4,4,4,1,,,118.91,
30,9,52,0,3,3,2,,,118.91,
30,9,53,4,0,0,3,,,118.91,
30,9,54,3,0,0,1,,,118.91,
30,9,55,3,0,0,3,,,118.91,
30,9,56,3,1,1,2,,,118.91,
30,9,57,1,1,1,1,,,118.91,
30,9,58,4,2,2,2,,,118.91,
30,9,59,2,2,2,0,,,118.91,
30,9,60,4,3,3,0,,,118.91,
30,9,61,4,3,3,1,,,118.91,
30,9,62,1,2,2,3,,,118.91,
30,9,63,2,3,3,2,,,118.91,
30,9,64,4,0,0,1,,,118.91,
30,9,65,1,2,2,0,,,118.91,
30,9,66,4,3,3,1,,,118.91,
30,9,67,1,0,0,0,,,118.91,
30,9,68,1,1,1,2,,,118.91,
30,9,69,0,3,3,4,,,118.91,
30,9,70,0,3,3,1,,,118.91,
30,9,71,2,3,3,4,,,118.91,
30,9,72,0,3,3,2,,,118.91,
30,9,73,4,3,3,1,,,118.91,
30,9,74,3,2,2,1,,,118.91,
30,9,75,4,0,0,1,,,118.91,
30,9,76,1,1,1,3,,,118.91,
30,9,77,2,0,0,2,,,118.91,
30,9,78,0,4,4,4,,,118.91,
30,9,79,2,1,1,4,,,118.91,
30,9,80,4,0,0,3,,,118.91,
30,9,81,1,3,3,4,,,118.91,
30,9,82,1,2,2,1,,,118.91,
30,9,83,3,3,3,1,,,118.91,
30,9,84,2,3,3,4,,,118.91,
30,9,85,0,2,2,0,,,118.91,
30,9,86,4,0,0,2,,,118.91,
30,9,87,2,2,2,0,,,118.91,
30,9,88,0,4,4,2,,,118.91,
30,9,89,4,1,1,4,,,118.91,
30,9,90,2,1,1,0,,,118.91,
30,9,91,1,2,2,0,,,118.91,
30,9,92,4,4,4,2,,,118.91,
30,9,93,2,0,0,3,,,118.91,
30,9,94,1,0,0,2,,,118.91,
30,9,95,2,3,3,0,,,118.91,
30,9,96,1,4,4,1,,,118.91,
30,9,97,3,1,1,4,,,118.91,
30,9,98,3,1,1,3,,,118.91,
30,9,99,3,1,1,1,,,118.91,
30,10,0,1,1,1,1,,,118.91,
30,10,1,2,2,2,4,,,118.91,
30,10,2,0,3,3,2,,,118.91,
30,10,3,4,2,2,4,,,118.91,
30,10,4,1,2,2,0,,,118.91,
30,10,5,0,4,4,4,,,118.91,
30,10,6,0,4,4,1,,,118.91,
30,10,7,3,4,4,3,,,118.91,
30,10,8,1,1,1,4,,,118.91,
30,10,9,0,1,1,3,,,118.91,
30,10,10,3,2,2,4,,,118.91,
30,10,11,3,0,0,3,,,118.91,
30,10,12,4,1,1,4,,,118.91,
30,10,13,0,4,4,3,,,118.91,
30,10,14,1,1,1,4,,,118.91,
30,10,15,0,3,3,1,,,118.91,
30,10,16,2,4,4,1,,,118.91,
30,10,17,1,1,1,0,,,118.91,
30,10,18,4,0,0,4,,,118.91,
30,10,19,0,1,1,2,,,118.91,
30,10,20,4,0,0,0,,,118.91,
30,10,21,3,2,2,4,,,118.91,
30,10,22,1,4,4,1,,,118.91,
30,10,23,0,0,0,1,,,118.91,
30,10,24,4,1,1,3,,,118.91,
30,10,25,3,1,1,3,,,118.91,
30,10,26,4,2,2,3,,,118.91,
30,10,27,2,2,2,0,,,118.91,
30,10,28,4,1,1,2,,,118.91,
30,10,29,3,4,4,3,,,118.91,
30,10,30,4,2,2,4,,,118.91,
30,10,31,0,0,0,1,,,118.91,
30,10,32,2,1,1,0,,,118.91,
30,10,33,1,3,3,0,,,118.91,
30,10,34,4,4,4,3,,,118.91,
30,10,35,2,3,3,3,,,118.91,
30,10,36,1,1,1,4,,,118.91,
30,10,37,1,3,3,3,,,118.91,
30,10,38,2,3,3,4,,,118.91,
30,10,39,3,2,2,3,,,118.91,
30,10,40,1,2,2,1,,,118.91,
30,10,41,3,0,0,2,,,118.91,
30,10,42,2,2,2,0,,,118.91,
30,10,43,0,2,2,4,,,118.91,
30,10,44,2,3,3,1,,,118.91,
30,10,45,0,3,3,0,,,118.91,
30,10,46,3,0,0,1,,,118.91,
30,10,47,3,0,0,3,,,118.91,
30,10,48,1,2,2,1,,,118.91,
30,10,49,1,1,1,0,,,118.91,
30,10,50,0,0,0,1,,,118.91,
30,10,51,4,4,4,4,,,118.91,
30,10,52,2,1,1,0,,,118.91,
30,10,53,1,0,0,4,,,118.91,
30,10,54,1,4,4,3,,,118.91,
30,10,55,3,3,3,0,,,118.91,
30,10,56,0,1,1,2,,,118.91,
30,10,57,0,2,2,2,,,118.91,
30,10,58,3,4,4,0,,,118.91,
30,10,59,2,0,0,0,,,118.91,
30,10,60,2,4,4,1,,,118.91,
30,10,61,2,2,2,1,,,118.91,
30,10,62,3,3,3,1,,,118.91,
30,10,63,1,1,1,4,,,118.91,
30,10,64,2,0,0,1,,,118.91,
30,10,65,4,1,1,2,,,118.91,
30,10,66,3,3,3,3,,,118.91,
30,10,67,4,2,2,0,,,118.91,
30,10,68,3,1,1,4,,,118.91,
30,10,69,1,4,4,1,,,118.91,
30,10,70,1,2,2,1,,,118.91,
30,10,71,2,0,0,0,,,118.91,
30,10,72,0,0,0,1,,,118.91,
30,10,73,2,4,4,3,,,118.91,
30,10,74,1,1,1,2,,,118.91,
30,10,75,3,0,0,3,,,118.91,
30,10,76,3,3,3,0,,,118.91,
30,10,77,2,4,4,3,,,118.91,
30,10,78,2,1,1,1,,,118.91,
30,10,79,0,2,2,2,,,118.91,
30,10,80,2,0,0,0,,,118.91,
30,10,81,3,0,0,1,,,118.91,
30,10,82,2,1,1,1,,,118.91,
30,10,83,3,3,3,0,,,118.91,
30,10,84,4,0,0,2,,,118.91,
30,10,85,1,4,4,3,,,118.91,
30,10,86,2,4,4,0,,,118.91,
30,10,87,2,1,1,2,,,118.91,
30,10,88,0,2,2,3,,,118.91,
30,10,89,3,1,1,1,,,118.91,
30,10,90,4,2,2,4,,,118.91,
30,10,91,0,0,0,1,,,118.91,
30,10,92,4,0,0,2,,,118.91,
30,10,93,3,3,3,1,,,118.91,
30,10,94,3,3,3,4,,,118.91,
30,10,95,0,2,2,3,,,118.91,
30,10,96,1,3,3,1,,,118.91,
30,10,97,1,3,3,3,,,118.91,
30,10,98,2,2,2,3,,,118.91,
30,10,99,3,1,1,0,,,118.91,
40,0,0,1,-1,1,1,,,123.84,
40,0,1,4,-1,4,1,,,123.84,
40,0,2,0,-1,0,1,,,123.84,
40,0,3,4,-1,4,1,,,123.84,
40,0,4,0,-1,0,2,,,123.84,
40,0,5,1,-1,1,1,,,123.84,
40,0,6,3,-1,3,2,,,123.84,
40,0,7,3,-1,0,3,,,123.84,
40,0,8,0,-1,0,0,,,123.84,
40,0,9,4,-1,4,1,,,123.84,
40,0,10,3,-1,3,4,,,123.84,
40,0,11,0,-1,0,4,,,123.84,
40,0,12,2,-1,2,4,,,123.84,
40,0,13,0,-1,0,0,,,123.84,
40,0,14,1,-1,1,3,,,123.84,
40,0,15,0,-1,0,2,,,123.84,
40,0,16,4,-1,0,2,,,123.84,
40,0,17,2,-1,2,4,,,123.84,
40,0,18,4,-1,4,0,,,123.84,
40,0,19,2,-1,2,1,,,123.84,
40,0,20,3,-1,3,4,,,123.84,
40,0,21,3,-1,0,0,,,123.84,
40,0,22,2,-1,2,0,,,123.84,
40,0,23,4,-1,4,0,,,123.84,
40,0,24,1,-1,1,0,,,123.84,
40,0,25,4,-1,4,4,,,123.84,
40,0,26,0,-1,0,1,,,123.84,
40,0,27,3,-1,3,1,,,123.84,
40,0,28,1,-1,1,4,,,123.84,
40,0,29,4,-1,4,3,,,123.84,
40,0,30,2,-1,2,4,,,123.84,
40,0,31,0,-1,0,4,,,123.84,
40,0,32,4,-1,4,2,,,123.84,
40,0,33,0,-1,0,0,,,123.84,
40,0,34,1,-1,1,1,,,123.84,
40,0,35,4,-1,4,4,,,123.84,
40,0,36,1,-1,1,3,,,123.84,
40,0,37,0,-1,0,0,,,123.84,
40,0,38,3,-1,3,3,,,123.84,
40,0,39,0,-1,0,0,,,123.84,
40,0,40,1,-1,1,2,,,123.84,
40,0,41,2,-1,2,1,,,123.84,
40,0,42,3,-1,3,3,,,123.84,
40,0,43,3,-1,0,3,,,123.84,
40,0,44,0,-1,0,1,,,123.84,
40,0,45,4,-1,4,2,,,123.84,
40,0,46,1,-1,1,3,,,123.84,
40,0,47,1,-1,1,0,,,123.84,
40,0,48,0,-1,0,4,,,123.84,
40,0,49,2,-1,2,2,,,123.84,
40,0,50,3,-1,3,2,,,123.84,
40,0,51,4,-1,4,3,,,123.84,
40,0,52,0,-1,0,2,,,123.84,
40,0,53,1,-1,1,2,,,123.84,
40,0,54,3,-1,3,3,,,123.84,
40,0,55,4,-1,0,4,,,123.84,
40,0,56,1,-1,1,1,,,123.84,
40,0,57,0,-1,0,2,,,123.84,
40,0,58,2,-1,2,2,,,123.84,
40,0,59,0,-1,0,0,,,123.84,
40,0,60,2,-1,0,3,,,123.84,
40,0,61,2,-1,2,0,,,123.84,
40,0,62,0,-1,0,4,,,123.84,
40,0,63,3,-1,3,1,,,123.84,
40,0,64,1,-1,1,0,,,123.84,
40,0,65,0,-1,0,2,,,123.84,
40,0,66,2,-1,2,4,,,123.84,
40,0,67,0,-1,0,1,,,123.84,
40,0,68,3,-1,3,3,,,123.84,
40,0,69,3,-1,3,4,,,123.84,
40,0,70,0,-1,0,2,,,123.84,
40,0,71,4,-1,4,3,,,123.84,
40,0,72,0,-1,0,3,,,123.84,
40,0,73,2,-1,2,2,,,123.84,
40,0,74,4,-1,4,1,,,123.84,
40,0,75,4,-1,4,0,,,123.84,
40,0,76,0,-1,0,1,,,123.84,
40,0,77,1,-1,1,4,,,123.84,
40,0,78,4,-1,4,2,,,123.84,
40,0,79,2,-1,2,0,,,123.84,
40,0,80,2,-1,2,3,,,123.84,
40,0,81,3,-1,3,1,,,123.84,
40,0,82,1,-1,0,0,,,123.84,
40,0,83,4,-1,4,3,,,123.84,
40,0,84,1,-1,1,1,,,123.84,
40,0,85,1,-1,1,0,,,123.84,
40,0,86,0,-1,0,4,,,123.84,
40,0,87,4,-1,0,1,,,123.84,
40,0,88,3,-1,3,2,,,123.84,
40,0,89,1,-1,1,0,,,123.84,
40,0,90,1,-1,1,3,,,123.84,
40,0,91,1,-1,1,1,,,123.84,
40,0,92,0,-1,0,3,,,123.84,
40,0,93,3,-1,3,3,,,123.84,
40,0,94,1,-1,1,1,,,123.84,
40,0,95,2,-1,2,2,,,123.84,
40,0,96,1,-1,1,4,,,123.84,
40,0,97,2,-1,2,0,,,123.84,
40,0,98,4,-1,4,3,,,123.84,
40,0,99,1,-1,4,0,,,123.84,
40,1,0,2,2,2,3,,,123.84,
40,1,1,0,0,0,4,,,123.84,
40,1,2,4,4,4,2,,,123.84,
40,1,3,2,0,2,1,,,123.84,
40,1,4,4,3,4,1,,,123.84,
40,1,5,3,1,3,4,,,123.84,
40,1,6,3,2,3,4,,,123.84,
40,1,7,1,2,1,0,,,123.84,
40,1,8,1,1,1,2,,,123.84,
40,1,9,0,2,0,1,,,123.84,
40,1,10,0,1,1,3,,,123.84,
40,1,11,1,3,1,4,,,123.84,
40,1,12,3,1,3,0,,,123.84,
40,1,13,2,2,2,2,,,123.84,
40,1,14,3,1,3,1,,,123.84,
40,1,15,3,3,3,1,,,123.84,
40,1,16,2,4,4,2,,,123.84,
40,1,17,0,4,0,3,,,123.84,
40,1,18,0,0,0,4,,,123.84,
40,1,19,4,3,4,2,,,123.84,
40,1,20,4,0,4,4,,,123.84,
40,1,21,2,2,2,1,,,123.84,
40,1,22,0,0,0,4,,,123.84,
40,1,23,1,1,1,3,,,123.84,
40,1,24,4,1,1,3,,,123.84,
40,1,25,0,3,3,0,,,123.84,
40,1,26,4,2,4,4,,,123.84,
40,1,27,0,1,0,3,,,123.84,
40,1,28,0,2,0,2,,,123.84,
40,1,29,3,3,3,0,,,123.84,
40,1,30,3,2,3,3,,,123.84,
40,1,31,1,3,1,3,,,123.84,
40,1,32,0,3,0,3,,,123.84,
40,1,33,4,3,4,3,,,123.84,
40,1,34,0,0,0,0,,,123.84,
40,1,35,4,1,4,4,,,123.84,
40,1,36,2,1,2,0,,,123.84,
40,1,37,1,0,1,1,,,123.84,
40,1,38,4,4,4,3,,,123.84,
40,1,39,0,3,3,3,,,123.84,
40,1,40,4,2,4,1,,,123.84,
40,1,41,4,0,4,1,,,123.84,
40,1,42,1,2,1,4,,,123.84,
40,1,43,1,2,1,3,,,123.84,
40,1,44,0,1,0,0,,,123.84,
40,1,45,1,2,1,4,,,123.84,
40,1,46,0,0,0,0,,,123.84,
40,1,47,0,1,0,2,,,123.84,
40,1,48,0,0,0,1,,,123.84,
40,1,49,3,4,3,1,,,123.84,
40,1,50,1,2,2,3,,,123.84,
40,1,51,4,4,4,4,,,123.84,
40,1,52,1,3,1,2,,,123.84,
40,1,53,0,2,0,0,,,123.84,
40,1,54,1,0,1,2,,,123.84,
40,1,55,0,2,0,2,,,123.84,
40,1,56,1,2,1,1,,,123.84,
40,1,57,3,4,3,3,,,123.84,
40,1,58,4,0,4,0,,,123.84,
40,1,59,3,1,3,2,,,123.84,
40,1,60,4,4,4,0,,,123.84,
40,1,61,1,3,1,2,,,123.84,
40,1,62,4,2,4,4,,,123.84,
40,1,63,2,4,2,1,,,123.84,
40,1,64,0,3,0,1,,,123.84,
40,1,65,4,2,4,0,,,123.84,
40,1,66,0,2,0,3,,,123.84,
40,1,67,1,1,1,3,,,123.84,
40,1,68,1,0,1,2,,,123.84,
40,1,69,4,2,4,3,,,123.84,
40,1,70,1,2,1,4,,,123.84,
40,1,71,2,4,4,0,,,123.84,
40,1,72,1,0,1,3,,,123.84,
40,1,73,4,3,4,0,,,123.84,
40,1,74,2,4,2,2,,,123.84,
40,1,75,1,2,1,2,,,123.84,
40,1,76,3,1,3,3,,,123.84,
40,1,77,2,2,2,3,,,123.84,
40,1,78,3,4,3,3,,,123.84,
40,1,79,1,2,1,3,,,123.84,
40,1,80,1,0,0,1,,,123.84,
40,1,81,3,0,0,4,,,123.84,
40,1,82,3,3,3,2,,,123.84,
40,1,83,1,3,1,3,,,123.84,
40,1,84,3,2,3,1,,,123.84,
40,1,85,4,3,4,2,,,123.84,
40,1,86,2,1,2,0,,,123.84,
40,1,87,1,4,4,0,,,123.84,
40,1,88,1,4,1,4,,,123.84,
40,1,89,4,0,4,2,,,123.84,
40,1,90,3,2,3,3,,,123.84,
40,1,91,3,2,3,2,,,123.84,
40,1,92,2,0,2,4,,,123.84,
40,1,93,2,0,2,4,,,123.84,
40,1,94,3,3,3,1,,,123.84,
40,1,95,4,1,4,2,,,123.84,
40,1,96,0,2,0,2,,,123.84,
40,1,97,2,1,2,1,,,123.84,
40,1,98,4,4,4,3,,,123.84,
40,1,99,2,1,2,2,,,123.84,
40,2,0,4,1,4,4,,,123.84,
40,2,1,0,1,1,2,,,123.84,
40,2,2,4,0,0,1,,,123.84,
40,2,3,1,1,1,4,,,123.84,
40,2,4,3,2,2,1,,,123.84,
40,2,5,0,1,0,2,,,123.84,
40,2,6,4,2,2,4,,,123.84,
40,2,7,3,3,3,1,,,123.84,
40,2,8,1,4,1,1,,,123.84,
40,2,9,4,3,4,3,,,123.84,
40,2,10,0,3,3,3,,,123.84,
40,2,11,4,2,4,4,,,123.84,
40,2,12,3,4,3,2,,,123.84,
40,2,13,4,4,4,1,,,123.84,
40,2,14,2,1,2,2,,,123.84,
40,2,15,2,3,2,3,,,123.84,
40,2,16,3,4,3,3,,,123.84,
40,2,17,0,0,0,2,,,123.84,
40,2,18,1,1,1,4,,,123.84,
40,2,19,1,1,1,3,,,123.84,
40,2,20,2,0,2,4,,,123.84,
40,2,21,0,1,1,0,,,123.84,
40,2,22,0,4,4,4,,,123.84,
40,2,23,0,2,0,2,,,123.84,
40,2,24,2,2,2,0,,,123.84,
40,2,25,0,4,0,1,,,123.84,
40,2,26,4,4,4,3,,,123.84,
40,2,27,1,0,1,2,,,123.84,
40,2,28,2,4,2,0,,,123.84,
40,2,29,0,1,1,3,,,123.84,
40,2,30,2,4,2,3,,,123.84,
40,2,31,2,4,2,2,,,123.84,
40,2,32,1,1,1,3,,,123.84,
40,2,33,0,0,0,3,,,123.84,
40,2,34,4,1,1,1,,,123.84,
40,2,35,4,4,4,4,,,123.84,
40,2,36,3,0,3,1,,,123.84,
40,2,37,2,3,3,2,,,123.84,
40,2,38,3,1,3,2,,,123.84,
40,2,39,3,2,3,4,,,123.84,
40,2,40,3,4,4,4,,,123.84,
40,2,41,2,0,2,0,,,123.84,
40,2,42,2,4,2,4,,,123.84,
40,2,43,3,3,3,2,,,123.84,
40,2,44,3,4,4,3,,,123.84,
40,2,45,4,2,4,3,,,123.84,
40,2,46,3,3,3,0,,,123.84,
40,2,47,1,2,2,0,,,123.84,
40,2,48,1,3,1,3,,,123.84,
40,2,49,3,0,3,4,,,123.84,
40,2,50,2,3,2,1,,,123.84,
40,2,51,2,3,2,2,,,123.84,
40,2,52,2,2,2,3,,,123.84,
40,2,53,2,1,2,4,,,123.84,
40,2,54,3,3,3,0,,,123.84,
40,2,55,0,1,1,1,,,123.84,
40,2,56,2,2,2,2,,,123.84,
40,2,57,1,1,1,4,,,123.84,
40,2,58,4,4,4,3,,,123.84,
40,2,59,3,2,3,0,,,123.84,
40,2,60,3,1,3,3,,,123.84,
40,2,61,0,4,0,2,,,123.84,
40,2,62,1,2,1,0,,,123.84,
40,2,63,1,1,1,2,,,123.84,
40,2,64,2,4,2,4,,,123.84,
40,2,65,1,0,1,1,,,123.84,
40,2,66,0,1,1,4,,,123.84,
40,2,67,2,3,2,4,,,123.84,
40,2,68,1,4,1,0,,,123.84,
40,2,69,0,0,0,2,,,123.84,
40,2,70,0,3,0,3,,,123.84,
40,2,71,1,2,1,1,,,123.84,
40,2,72,4,4,4,0,,,123.84,
40,2,73,1,0,0,1,,,123.84,
40,2,74,4,4,4,2,,,123.84,
40,2,75,0,0,0,0,,,123.84,
40,2,76,2,4,2,4,,,123.84,
40,2,77,0,0,0,2,,,123.84,
40,2,78,3,3,3,4,,,123.84,
40,2,79,3,0,0,3,,,123.84,
40,2,80,2,3,2,1,,,123.84,
40,2,81,2,3,2,1,,,123.84,
40,2,82,4,3,4,4,,,123.84,
40,2,83,3,3,3,2,,,123.84,
40,2,84,2,1,2,3,,,123.84,
40,2,85,1,0,1,0,,,123.84,
40,2,86,4,0,4,1,,,123.84,
40,2,87,4,2,4,1,,,123.84,
40,2,88,0,3,0,3,,,123.84,
40,2,89,1,1,1,2,,,123.84,
40,2,90,4,4,4,2,,,123.84,
40,2,91,3,3,3,1,,,123.84,
40,2,92,0,0,0,4,,,123.84,
40,2,93,4,2,4,3,,,123.84,
40,2,94,3,4,4,4,,,123.84,
40,2,95,0,2,0,1,,,123.84,
40,2,96,3,3,3,0,,,123.84,
40,2,97,1,0,1,0,,,123.84,
40,2,98,2,1,2,2,,,123.84,
40,2,99,1,3,1,4,,,123.84,
40,3,0,2,3,3,2,,,123.84,
40,3,1,3,0,3,1,,,123.84,
40,3,2,4,4,4,0,,,123.84,
40,3,3,4,0,0,2,,,123.84,
40,3,4,4,1,4,4,,,123.84,
40,3,5,0,3,3,4,,,123.84,
40,3,6,3,4,3,1,,,123.84,
40,3,7,2,1,1,2,,,123.84,
40,3,8,3,0,0,2,,,123.84,
40,3,9,1,3,3,4,,,123.84,
40,3,10,1,1,1,2,,,123.84,
40,3,11,4,3,3,3,,,123.84,
40,3,12,2,3,3,1,,,123.84,
40,3,13,0,4,0,0,,,123.84,
40,3,14,0,4,0,0,,,123.84,
40,3,15,2,3,3,1,,,123.84,
40,3,16,3,3,3,0,,,123.84,
40,3,17,1,0,0,1,,,123.84,
40,3,18,0,2,2,4,,,123.84,
40,3,19,2,3,3,1,,,123.84,
40,3,20,1,4,1,1,,,123.84,
40,3,21,1,2,1,0,,,123.84,
40,3,22,3,4,4,1,,,123.84,
40,3,23,2,4,2,1,,,123.84,
40,3,24,2,2,2,3,,,123.84,
40,3,25,1,2,2,2,,,123.84,
40,3,26,0,0,0,2,,,123.84,
40,3,27,1,4,1,1,,,123.84,
40,3,28,3,3,3,2,,,123.84,
40,3,29,0,4,0,0,,,123.84,
40,3,30,2,0,0,1,,,123.84,
40,3,31,0,1,0,0,,,123.84,
40,3,32,1,2,1,0,,,123.84,
40,3,33,3,1,3,1,,,123.84,
40,3,34,0,2,2,0,,,123.84,
40,3,35,3,0,0,3,,,123.84,
40,3,36,2,4,4,1,,,123.84,
40,3,37,1,2,2,1,,,123.84,
40,3,38,3,4,4,1,,,123.84,
40,3,39,0,0,0,1,,,123.84,
40,3,40,4,4,4,4,,,123.84,
40,3,41,4,0,0,3,,,123.84,
40,3,42,3,2,0,3,,,123.84,
40,3,43,2,4,2,4,,,123.84,
40,3,44,0,4,4,3,,,123.84,
40,3,45,4,0,0,4,,,123.84,
40,3,46,2,3,3,0,,,123.84,
40,3,47,0,0,0,1,,,123.84,
40,3,48,3,0,0,0,,,123.84,
40,3,49,1,1,1,0,,,123.84,
40,3,50,1,2,2,2,,,123.84,
40,3,51,0,3,3,0,,,123.84,
40,3,52,4,1,1,4,,,123.84,
40,3,53,2,0,0,3,,,123.84,
40,3,54,1,4,4,2,,,123.84,
40,3,55,4,3,3,1,,,123.84,
40,3,56,2,4,4,2,,,123.84,
40,3,57,4,2,2,3,,,123.84,
40,3,58,2,1,2,1,,,123.84,
40,3,59,4,1,1,2,,,123.84,
40,3,60,1,1,1,2,,,123.84,
40,3,61,3,3,3,4,,,123.84,
40,3,62,2,2,2,1,,,123.84,
40,3,63,3,1,3,3,,,123.84,
40,3,64,0,0,0,1,,,123.84,
40,3,65,0,4,4,3,,,123.84,
40,3,66,3,1,3,1,,,123.84,
40,3,67,3,3,3,0,,,123.84,
40,3,68,2,0,0,2,,,123.84,
40,3,69,0,1,1,3,,,123.84,
40,3,70,0,4,0,4,,,123.84,
40,3,71,0,4,0,4,,,123.84,
40,3,72,0,0,0,2,,,123.84,
40,3,73,4,2,4,3,,,123.84,
40,3,74,0,3,0,2,,,123.84,
40,3,75,2,3,3,1,,,123.84,
40,3,76,1,2,2,0,,,123.84,
40,3,77,2,2,2,0,,,123.84,
40,3,78,2,0,2,3,,,123.84,
40,3,79,3,4,4,4,,,123.84,
40,3,80,1,4,4,2,,,123.84,
40,3,81,3,1,3,2,,,123.84,
40,3,82,3,2,2,2,,,123.84,
40,3,83,0,1,1,4,,,123.84,
40,3,84,1,3,3,2,,,123.84,
40,3,85,2,4,4,3,,,123.84,
40,3,86,4,2,4,2,,,123.84,
40,3,87,0,0,0,2,,,123.84,
40,3,88,3,3,3,4,,,123.84,
40,3,89,4,1,4,0,,,123.84,
40,3,90,2,4,4,2,,,123.84,
40,3,91,2,0,2,1,,,123.84,
40,3,92,0,3,0,1,,,123.84,
40,3,93,2,2,2,3,,,123.84,
40,3,94,1,2,2,3,,,123.84,
40,3,95,0,0,0,1,,,123.84,
40,3,96,4,3,4,4,,,123.84,
40,3,97,2,4,2,1,,,123.84,
40,3,98,1,2,2,1,,,123.84,
40,3,99,1,0,0,3,,,123.84,
40,4,0,3,4,3,1,,,123.84,
40,4,1,2,4,4,4,,,123.84,
40,4,2,3,3,3,1,,,123.84,
40,4,3,1,1,1,1,,,123.84,
40,4,4,0,4,4,3,,,123.84,
40,4,5,1,2,2,0,,,123.84,
40,4,6,1,4,4,1,,,123.84,
40,4,7,3,3,3,4,,,123.84,
40,4,8,2,2,2,2,,,123.84,
40,4,9,0,1,1,2,,,123.84,
40,4,10,2,4,4,4,,,123.84,
40,4,11,0,1,1,3,,,123.84,
40,4,12,0,1,1,0,,,123.84,
40,4,13,0,4,4,3,,,123.84,
40,4,14,2,0,0,1,,,123.84,
40,4,15,2,3,3,4,,,123.84,
40,4,16,3,0,0,1,,,123.84,
40,4,17,1,1,1,0,,,123.84,
40,4,18,0,4,4,3,,,123.84,
40,4,19,0,0,0,3,,,123.84,
40,4,20,3,4,4,2,,,123.84,
40,4,21,4,2,2,2,,,123.84,
40,4,22,2,4,4,1,,,123.84,
40,4,23,0,0,0,3,,,123.84,
40,4,24,3,1,1,2,,,123.84,
40,4,25,0,3,0,1,,,123.84,
40,4,26,2,4,4,0,,,123.84,
40,4,27,0,2,2,4,,,123.84,
40,4,28,2,4,4,4,,,123.84,
40,4,29,2,1,1,2,,,123.84,
40,4,30,0,0,0,2,,,123.84,
40,4,31,0,3,3,4,,,123.84,
40,4,32,1,2,1,0,,,123.84,
40,4,33,3,2,2,3,,,123.84,
40,4,34,4,3,3,4,,,123.84,
40,4,35,2,1,1,3,,,123.84,
40,4,36,3,4,4,0,,,123.84,
40,4,37,0,3,3,0,,,123.84,
40,4,38,3,0,0,2,,,123.84,
40,4,39,3,2,2,0,,,123.84,
40,4,40,0,0,0,0,,,123.84,
40,4,41,3,4,4,2,,,123.84,
40,4,42,2,3,3,3,,,123.84,
40,4,43,4,0,0,4,,,123.84,
40,4,44,1,2,2,0,,,123.84,
40,4,45,1,4,1,4,,,123.84,
40,4,46,4,0,0,4,,,123.84,
40,4,47,1,3,3,1,,,123.84,
40,4,48,0,2,0,4,,,123.84,
40,4,49,2,4,4,3,,,123.84,
40,4,50,4,2,2,2,,,123.84,
40,4,51,4,3,3,2,,,123.84,
40,4,52,0,3,3,1,,,123.84,
40,4,53,0,1,1,2,,,123.84,
40,4,54,3,2,2,4,,,123.84,
40,4,55,1,4,4,1,,,123.84,
40,4,56,0,1,1,4,,,123.84,
40,4,57,2,3,3,0,,,123.84,
40,4,58,1,4,4,2,,,123.84,
40,4,59,3,3,3,1,,,123.84,
40,4,60,3,0,0,0,,,123.84,
40,4,61,1,1,1,0,,,123.84,
40,4,62,2,2,2,1,,,123.84,
40,4,63,0,2,2,2,,,123.84,
40,4,64,4,4,4,4,,,123.84,
40,4,65,1,4,4,1,,,123.84,
40,4,66,2,0,0,0,,,123.84,
40,4,67,0,2,2,4,,,123.84,
40,4,68,1,3,3,0,,,123.84,
40,4,69,1,1,1,0,,,123.84,
40,4,70,1,0,0,3,,,123.84,
40,4,71,0,3,0,4,,,123.84,
40,4,72,1,0,0,1,,,123.84,
40,4,73,1,4,4,3,,,123.84,
40,4,74,4,1,4,0,,,123.84,
40,4,75,2,0,0,4,,,123.84,
40,4,76,1,4,1,3,,,123.84,
40,4,77,0,3,3,1,,,123.84,
40,4,78,3,1,1,3,,,123.84,
40,4,79,1,2,2,3,,,123.84,
40,4,80,3,4,4,1,,,123.84,
40,4,81,1,1,1,2,,,123.84,
40,4,82,4,2,2,3,,,123.84,
40,4,83,0,4,4,1,,,123.84,
40,4,84,1,4,4,4,,,123.84,
40,4,85,1,4,4,1,,,123.84,
40,4,86,3,3,3,4,,,123.84,
40,4,87,2,3,3,2,,,123.84,
40,4,88,0,0,0,0,,,123.84,
40,4,89,1,1,1,3,,,123.84,
40,4,90,4,3,3,4,,,123.84,
40,4,91,3,2,3,1,,,123.84,
40,4,92,2,1,1,3,,,123.84,
40,4,93,0,4,0,1,,,123.84,
40,4,94,2,3,2,2,,,123.84,
40,4,95,3,4,4,0,,,123.84,
40,4,96,2,4,4,3,,,123.84,
40,4,97,0,4,4,2,,,123.84,
40,4,98,4,4,4,0,,,123.84,
40,4,99,4,2,2,2,,,123.84,
40,5,0,3,3,3,2,,,123.84,
40,5,1,2,3,3,0,,,123.84,
40,5,2,3,3,3,3,,,123.84,
40,5,3,0,4,4,0,,,123.84,
40,5,4,4,2,2,0,,,123.84,
40,5,5,3,2,2,4,,,123.84,
40,5,6,1,4,4,2,,,123.84,
40,5,7,0,2,2,0,,,123.84,
40,5,8,2,3,3,4,,,123.84,
40,5,9,2,3,3,2,,,123.84,
40,5,10,4,2,2,4,,,123.84,
40,5,11,1,2,2,0,,,123.84,
40,5,12,0,2,2,0,,,123.84,
40,5,13,3,0,0,2,,,123.84,
40,5,14,0,1,1,1,,,123.84,
40,5,15,0,3,3,2,,,123.84,
40,5,16,0,0,0,1,,,123.84,
40,5,17,3,3,3,1,,,123.84,
40,5,18,4,4,4,3,,,123.84,
40,5,19,3,2,2,3,,,123.84,
40,5,20,2,2,2,0,,,123.84,
40,5,21,1,2,2,0,,,123.84,
40,5,22,4,1,1,2,,,123.84,
40,5,23,4,2,2,0,,,123.84,
40,5,24,1,4,4,0,,,123.84,
40,5,25,3,1,1,3,,,123.84,
40,5,26,1,0,0,0,,,123.84,
40,5,27,0,4,4,3,,,123.84,
40,5,28,4,4,4,2,,,123.84,
40,5,29,4,0,0,2,,,123.84,
40,5,30,0,3,3,2,,,123.84,
40,5,31,4,4,4,0,,,123.84,
40,5,32,0,0,0,4,,,123.84,
40,5,33,1,1,1,4,,,123.84,
40,5,34,2,3,3,0,,,123.84,
40,5,35,4,3,3,4,,,123.84,
40,5,36,0,0,0,3,,,123.84,
40,5,37,3,1,1,2,,,123.84,
40,5,38,4,3,3,0,,,123.84,
40,5,39,3,3,3,0,,,123.84,
40,5,40,2,3,3,2,,,123.84,
40,5,41,4,1,1,2,,,123.84,
40,5,42,3,2,2,4,,,123.84,
40,5,43,0,3,3,0,,,123.84,
40,5,44,4,1,1,0,,,123.84,
40,5,45,3,0,0,0,,,123.84,
40,5,46,2,1,1,4,,,123.84,
40,5,47,3,1,1,1,,,123.84,
40,5,48,3,4,4,2,,,123.84,
40,5,49,4,1,1,0,,,123.84,
40,5,50,4,1,1,1,,,123.84,
40,5,51,3,4,4,1,,,123.84,
40,5,52,3,3,3,4,,,123.84,
40,5,53,1,2,2,2,,,123.84,
40,5,54,0,1,1,4,,,123.84,
40,5,55,2,3,3,0,,,123.84,
40,5,56,2,2,2,3,,,123.84,
40,5,57,1,2,2,1,,,123.84,
40,5,58,4,0,0,2,,,123.84,
40,5,59,1,1,1,0,,,123.84,
40,5,60,0,1,1,3,,,123.84,
40,5,61,2,1,1,0,,,123.84,
40,5,62,4,2,2,3,,,123.84,
40,5,63,2,4,4,3,,,123.84,
40,5,64,4,1,1,0,,,123.84,
40,5,65,1,2,2,0,,,123.84,
40,5,66,2,3,3,1,,,123.84,
40,5,67,1,3,3,0,,,123.84,
40,5,68,2,2,2,2,,,123.84,
40,5,69,2,0,0,1,,,123.84,
40,5,70,1,3,3,1,,,123.84,
40,5,71,0,3,3,4,,,123.84,
40,5,72,2,0,0,1,,,123.84,
40,5,73,0,3,3,3,,,123.84,
40,5,74,1,0,0,0,,,123.84,
40,5,75,4,2,2,3,,,123.84,
40,5,76,1,1,1,1,,,123.84,
40,5,77,2,0,0,2,,,123.84,
40,5,78,3,3,3,1,,,123.84,
40,5,79,1,2,2,1,,,123.84,
40,5,80,1,3,3,1,,,123.84,
40,5,81,1,4,4,2,,,123.84,
40,5,82,1,3,3,3,,,123.84,
40,5,83,2,4,4,3,,,123.84,
40,5,84,0,3,3,1,,,123.84,
40,5,85,0,3,3,2,,,123.84,
40,5,86,0,1,1,4,,,123.84,
40,5,87,4,1,1,4,,,123.84,
40,5,88,3,4,4,3,,,123.84,
40,5,89,1,3,3,4,,,123.84,
40,5,90,4,2,2,3,,,123.84,
40,5,91,2,2,2,4,,,123.84,
40,5,92,4,1,1,0,,,123.84,
40,5,93,4,2,2,4,,,123.84,
40,5,94,3,3,3,4,,,123.84,
40,5,95,3,1,1,0,,,123.84,
40,5,96,2,3,3,4,,,123.84,
40,5,97,3,3,3,0,,,123.84,
40,5,98,1,2,2,4,,,123.84,
40,5,99,3,1,1,2,,,123.84,
40,6,0,1,1,1,3,,,123.84,
40,6,1,2,3,3,4,,,123.84,
40,6,2,4,1,1,3,,,123.84,
40,6,3,2,1,1,2,,,123.84,
40,6,4,4,1,1,0,,,123.84,
40,6,5,2,2,2,1,,,123.84,
40,6,6,2,4,4,3,,,123.84,
40,6,7,0,0,0,3,,,123.84,
40,6,8,2,0,0,0,,,123.84,
40,6,9,0,4,4,2,,,123.84,
40,6,10,0,3,3,1,,,123.84,
40,6,11,0,0,0,0,,,123.84,
40,6,12,0,3,3,4,,,123.84,
40,6,13,3,1,1,1,,,123.84,
40,6,14,1,4,4,3,,,123.84,
40,6,15,2,2,2,4,,,123.84,
40,6,16,3,1,1,3,,,123.84,
40,6,17,2,3,3,4,,,123.84,
40,6,18,2,4,4,3,,,123.84,
40,6,19,2,3,3,1,,,123.84,
40,6,20,2,1,1,1,,,123.84,
40,6,21,4,0,0,3,,,123.84,
40,6,22,0,2,2,3,,,123.84,
40,6,23,4,1,1,1,,,123.84,
40,6,24,4,0,0,2,,,123.84,
40,6,25,1,3,3,1,,,123.84,
40,6,26,1,1,1,1,,,123.84,
40,6,27,1,0,0,0,,,123.84,
40,6,28,0,4,4,0,,,123.84,
40,6,29,3,1,1,1,,,123.84,
40,6,30,2,1,1,3,,,123.84,
40,6,31,4,2,2,2,,,123.84,
40,6,32,4,0,0,4,,,123.84,
40,6,33,3,0,0,4,,,123.84,
40,6,34,0,2,2,2,,,123.84,
40,6,35,2,2,2,3,,,123.84,
40,6,36,2,3,3,4,,,123.84,
40,6,37,3,2,2,3,,,123.84,
40,6,38,2,4,4,3,,,123.84,
40,6,39,0,1,1,1,,,123.84,
40,6,40,0,0,0,1,,,123.84,
40,6,41,1,4,4,1,,,123.84,
40,6,42,3,2,2,4,,,123.84,
40,6,43,0,4,4,3,,,123.84,
40,6,44,2,1,1,1,,,123.84,
40,6,45,2,1,1,4,,,123.84,
40,6,46,1,4,4,1,,,123.84,
40,6,47,0,3,3,1,,,123.84,
40,6,48,1,3,3,0,,,123.84,
40,6,49,1,3,3,3,,,123.84,
40,6,50,2,3,3,0,,,123.84,
40,6,51,0,1,1,2,,,123.84,
40,6,52,2,2,2,0,,,123.84,
40,6,53,0,1,1,3,,,123.84,
40,6,54,1,4,4,2,,,123.84,
40,6,55,2,0,0,4,,,123.84,
40,6,56,1,2,2,3,,,123.84,
40,6,57,2,1,1,0,,,123.84,
40,6,58,2,4,4,3,,,123.84,
40,6,59,0,4,4,2,,,123.84,
40,6,60,1,3,3,2,,,123.84,
40,6,61,2,2,2,3,,,123.84,
40,6,62,3,1,1,1,,,123.84,
40,6,63,3,1,1,3,,,123.84,
40,6,64,2,3,3,4,,,123.84,
40,6,65,0,4,4,2,,,123.84,
40,6,66,1,1,1,1,,,123.84,
40,6,67,0,1,1,4,,,123.84,
40,6,68,2,2,2,4,,,123.84,
40,6,69,3,4,4,4,,,123.84,
40,6,70,3,2,2,0,,,123.84,
40,6,71,3,1,1,4,,,123.84,
40,6,72,0,1,1,3,,,123.84,
40,6,73,2,4,4,0,,,123.84,
40,6,74,1,3,3,3,,,123.84,
40,6,75,0,0,0,2,,,123.84,
40,6,76,3,2,2,4,,,123.84,
40,6,77,4,4,4,1,,,123.84,
40,6,78,2,1,1,0,,,123.84,
40,6,79,2,1,1,4,,,123.84,
40,6,80,3,2,2,1,,,123.84,
40,6,81,4,3,3,4,,,123.84,
40,6,82,0,0,0,0,,,123.84,
40,6,83,4,1,1,2,,,123.84,
40,6,84,2,3,3,0,,,123.84,
40,6,85,3,3,3,4,,,123.84,
40,6,86,4,4,4,0,,,123.84,
40,6,87,4,0,0,1,,,123.84,
40,6,88,1,3,3,0,,,123.84,
40,6,89,0,3,3,0,,,123.84,
40,6,90,2,0,0,0,,,123.84,
40,6,91,1,4,4,2,,,123.84,
40,6,92,2,0,0,0,,,123.84,
40,6,93,3,1,1,0,,,123.84,
40,6,94,0,4,4,2,,,123.84,
40,6,95,0,3,3,1,,,123.84,
40,6,96,1,0,0,1,,,123.84,
40,6,97,0,2,2,1,,,123.84,
40,6,98,4,4,4,1,,,123.84,
40,6,99,4,4,4,0,,,123.84,
40,7,0,0,3,3,4,,,123.84,
40,7,1,1,2,2,4,,,123.84,
40,7,2,3,2,2,3,,,123.84,
40,7,3,4,4,4,1,,,123.84,
40,7,4,0,2,2,2,,,123.84,
40,7,5,1,4,4,2,,,123.84,
40,7,6,1,0,0,3,,,123.84,
40,7,7,0,2,2,2,,,123.84,
40,7,8,4,0,0,1,,,123.84,
40,7,9,4,1,1,0,,,123.84,
40,7,10,2,1,1,2,,,123.84,
40,7,11,1,0,0,2,,,123.84,
40,7,12,4,1,1,2,,,123.84,
40,7,13,3,0,0,0,,,123.84,
40,7,14,1,0,0,4,,,123.84,
40,7,15,2,2,2,3,,,123.84,
40,7,16,0,3,3,4,,,123.84,
40,7,17,3,0,0,1,,,123.84,
40,7,18,2,2,2,1,,,123.84,
40,7,19,0,4,4,2,,,123.84,
40,7,20,2,3,3,4,,,123.84,
40,7,21,3,1,1,3,,,123.84,
40,7,22,2,4,4,3,,,123.84,
40,7,23,2,4,4,4,,,123.84,
40,7,24,4,2,2,0,,,123.84,
40,7,25,4,2,2,2,,,123.84,
40,7,26,3,4,4,0,,,123.84,
40,7,27,2,2,2,3,,,123.84,
40,7,28,1,4,4,2,,,123.84,
40,7,29,4,1,1,1,,,123.84,
40,7,30,4,1,1,1,,,123.84,
40,7,31,4,0,0,2,,,123.84,
40,7,32,3,3,3,3,,,123.84,
40,7,33,0,2,2,4,,,123.84,
40,7,34,1,4,4,0,,,123.84,
40,7,35,2,2,2,0,,,123.84,
40,7,36,0,1,1,1,,,123.84,
40,7,37,3,1,1,0,,,123.84,
40,7,38,0,1,1,4,,,123.84,
40,7,39,0,4,4,1,,,123.84,
40,7,40,1,2,2,3,,,123.84,
40,7,41,1,2,2,3,,,123.84,
40,7,42,3,4,4,4,,,123.84,
40,7,43,1,3,3,1,,,123.84,
40,7,44,3,1,1,1,,,123.84,
40,7,45,1,4,4,2,,,123.84,
40,7,46,3,0,0,2,,,123.84,
40,7,47,2,2,2,0,,,123.84,
40,7,48,2,0,0,2,,,123.84,
40,7,49,0,4,4,2,,,123.84,
40,7,50,2,3,3,3,,,123.84,
40,7,51,4,2,2,3,,,123.84,
40,7,52,2,4,4,3,,,123.84,
40,7,53,2,1,1,0,,,123.84,
40,7,54,0,2,2,3,,,123.84,
40,7,55,2,2,2,4,,,123.84,
40,7,56,0,0,0,4,,,123.84,
40,7,57,1,4,4,4,,,123.84,
40,7,58,2,3,3,1,,,123.84,
40,7,59,1,0,0,4,,,123.84,
40,7,60,1,2,2,3,,,123.84,
40,7,61,0,0,0,1,,,123.84,
40,7,62,3,0,0,1,,,123.84,
40,7,63,3,0,0,3,,,123.84,
40,7,64,3,0,0,1,,,123.84,
40,7,65,3,2,2,3,,,123.84,
40,7,66,0,4,4,1,,,123.84,
40,7,67,4,3,3,4,,,123.84,
40,7,68,4,3,3,2,,,123.84,
40,7,69,4,1,1,0,,,123.84,
40,7,70,2,2,2,1,,,123.84,
40,7,71,1,4,4,0,,,123.84,
40,7,72,4,2,2,1,,,123.84,
40,7,73,2,4,4,1,,,123.84,
40,7,74,0,1,1,2,,,123.84,
40,7,75,1,3,3,2,,,123.84,
40,7,76,3,3,3,4,,,123.84,
40,7,77,3,2,2,1,,,123.84,
40,7,78,2,0,0,2,,,123.84,
40,7,79,2,2,2,3,,,123.84,
40,7,80,3,2,2,4,,,123.84,
40,7,81,0,2,2,4,,,123.84,
40,7,82,3,2,2,3,,,123.84,
40,7,83,1,1,1,3,,,123.84,
40,7,84,1,3,3,0,,,123.84,
40,7,85,4,2,2,0,,,123.84,
40,7,86,3,3,3,0,,,123.84,
40,7,87,0,2,2,0,,,123.84,
40,7,88,3,2,2,4,,,123.84,
40,7,89,0,3,3,2,,,123.84,
40,7,90,4,1,1,3,,,123.84,
40,7,91,4,1,1,4,,,123.84,
40,7,92,2,0,0,3,,,123.84,
40,7,93,3,0,0,3,,,123.84,
40,7,94,0,3,3,3,,,123.84,
40,7,95,1,4,4,1,,,123.84,
40,7,96,4,1,1,4,,,123.84,
40,7,97,0,0,0,2,,,123.84,
40,7,98,3,2,2,3,,,123.84,
40,7,99,3,3,3,2,,,123.84,
40,8,0,1,1,1,4,,,123.84,
40,8,1,3,0,0,3,,,123.84,
40,8,2,2,0,0,2,,,123.84,
40,8,3,0,0,0,4,,,123.84,
40,8,4,0,4,4,3,,,123.84,
40,8,5,4,4,4,0,,,123.84,
40,8,6,2,0,0,2,,,123.84,
40,8,7,2,1,1,0,,,123.84,
40,8,8,4,1,1,3,,,123.84,
40,8,9,1,4,4,2,,,123.84,
40,8,10,3,3,3,1,,,123.84,
40,8,11,2,2,2,1,,,123.84,
40,8,12,3,3,3,3,,,123.84,
40,8,13,1,4,4,3,,,123.84,
40,8,14,3,1,1,4,,,123.84,
40,8,15,3,2,2,3,,,123.84,
40,8,16,0,4,4,0,,,123.84,
40,8,17,1,4,4,1,,,123.84,
40,8,18,3,4,4,2,,,123.84,
40,8,19,3,0,0,4,,,123.84,
40,8,20,0,0,0,1,,,123.84,
40,8,21,3,4,4,1,,,123.84,
40,8,22,4,2,2,1,,,123.84,
40,8,23,4,3,3,2,,,123.84,
40,8,24,0,4,4,1,,,123.84,
40,8,25,0,0,0,1,,,123.84,
40,8,26,4,2,2,1,,,123.84,
40,8,27,1,3,3,0,,,123.84,
40,8,28,2,2,2,2,,,123.84,
40,8,29,4,3,3,0,,,123.84,
40,8,30,1,1,1,4,,,123.84,
40,8,31,0,2,2,4,,,123.84,
40,8,32,3,0,0,3,,,123.84,
40,8,33,4,1,1,3,,,123.84,
40,8,34,3,2,2,2,,,123.84,
40,8,35,3,1,1,4,,,123.84,
40,8,36,2,4,4,3,,,123.84,
40,8,37,0,2,2,2,,,123.84,
40,8,38,0,2,2,3,,,123.84,
40,8,39,0,0,0,0,,,123.84,
40,8,40,0,4,4,4,,,123.84,
40,8,41,1,2,2,4,,,123.84,
40,8,42,2,0,0,2,,,123.84,
40,8,43,2,0,0,2,,,123.84,
40,8,44,3,3,3,2,,,123.84,
40,8,45,2,1,1,3,,,123.84,
40,8,46,1,0,0,0,,,123.84,
40,8,47,3,4,4,2,,,123.84,
40,8,48,2,2,2,1,,,123.84,
40,8,49,1,2,2,2,,,123.84,
40,8,50,2,0,0,1,,,123.84,
40,8,51,4,3,3,2,,,123.84,
40,8,52,0,0,0,2,,,123.84,
40,8,53,4,2,2,2,,,123.84,
40,8,54,0,2,2,1,,,123.84,
40,8,55,0,4,4,0,,,123.84,
40,8,56,3,3,3,4,,,123.84,
40,8,57,4,2,2,2,,,123.84,
40,8,58,3,4,4,3,,,123.84,
40,8,59,2,4,4,4,,,123.84,
40,8,60,1,0,0,1,,,123.84,
40,8,61,3,1,1,4,,,123.84,
40,8,62,0,0,0,0,,,123.84,
40,8,63,4,0,0,0,,,123.84,
40,8,64,3,4,4,0,,,123.84,
40,8,65,4,1,1,2,,,123.84,
40,8,66,0,4,4,0,,,123.84,
40,8,67,0,2,2,0,,,123.84,
40,8,68,3,4,4,4,,,123.84,
40,8,69,1,1,1,0,,,123.84,
40,8,70,3,3,3,1,,,123.84,
40,8,71,4,3,3,3,,,123.84,
40,8,72,1,1,1,3,,,123.84,
40,8,73,2,4,4,1,,,123.84,
40,8,74,2,3,3,0,,,123.84,
40,8,75,4,4,4,0,,,123.84,
40,8,76,2,3,3,3,,,123.84,
40,8,77,1,3,3,4,,,123.84,
40,8,78,2,4,4,0,,,123.84,
40,8,79,2,3,3,1,,,123.84,
40,8,80,1,2,2,0,,,123.84,
40,8,81,3,3,3,0,,,123.84,
40,8,82,2,4,4,4,,,123.84,
40,8,83,2,1,1,0,,,123.84,
40,8,84,2,2,2,1,,,123.84,
40,8,85,1,4,4,4,,,123.84,
40,8,86,3,1,1,1,,,123.84,
40,8,87,4,0,0,3,,,123.84,
40,8,88,1,1,1,1,,,123.84,
40,8,89,4,2,2,4,,,123.84,
40,8,90,4,3,3,0,,,123.84,
40,8,91,1,4,4,3,,,123.84,
40,8,92,4,4,4,0,,,123.84,
40,8,93,4,3,3,0,,,123.84,
40,8,94,4,3,3,2,,,123.84,
40,8,95,2,1,1,2,,,123.84,
40,8,96,3,4,4,3,,,123.84,
40,8,97,4,2,2,4,,,123.84,
40,8,98,1,2,2,1,,,123.84,
40,8,99,4,4,4,3,,,123.84,
40,9,0,4,2,2,3,,,123.84,
40,9,1,4,2,2,2,,,123.84,
40,9,2,3,0,0,1,,,123.84,
40,9,3,2,2,2,4,,,123.84,
40,9,4,0,3,3,0,,,123.84,
40,9,5,4,0,0,0,,,123.84,
40,9,6,4,4,4,1,,,123.84,
40,9,7,4,3,3,1,,,123.84,
40,9,8,1,2,2,3,,,123.84,
40,9,9,2,0,0,0,,,123.84,
40,9,10,3,4,4,4,,,123.84,
40,9,11,1,0,0,2,,,123.84,
40,9,12,1,0,0,1,,,123.84,
40,9,13,2,2,2,1,,,123.84,
40,9,14,0,2,2,4,,,123.84,
40,9,15,4,2,2,0,,,123.84,
40,9,16,1,1,1,1,,,123.84,
40,9,17,4,3,3,1,,,123.84,
40,9,18,2,3,3,4,,,123.84,
40,9,19,3,4,4,4,,,123.84,
40,9,20,3,4,4,0,,,123.84,
40,9,21,4,1,1,0,,,123.84,
40,9,22,1,0,0,3,,,123.84,
40,9,23,4,1,1,3,,,123.84,
40,9,24,3,2,2,1,,,123.84,
40,9,25,2,4,4,1,,,123.84,
40,9,26,4,3,3,4,,,123.84,
40,9,27,4,2,2,2,,,123.84,
40,9,28,0,0,0,1,,,123.84,
40,9,29,4,1,1,3,,,123.84,
40,9,30,4,0,0,4,,,123.84,
40,9,31,3,2,2,4,,,123.84,
40,9,32,2,3,3,1,,,123.84,
40,9,33,1,4,4,4,,,123.84,
40,9,34,0,0,0,0,,,123.84,
40,9,35,1,2,2,1,,,123.84,
40,9,36,0,2,2,0,,,123.84,
40,9,37,4,3,3,2,,,123.84,
40,9,38,3,2,2,2,,,123.84,
40,9,39,4,2,2,0,,,123.84,
40,9,40,2,1,1,2,,,123.84,
40,9,41,3,0,0,2,,,123.84,
40,9,42,3,3,3,2,,,123.84,
40,9,43,2,2,2,2,,,123.84,
40,9,44,3,4,4,4,,,123.84,
40,9,45,2,2,2,2,,,123.84,
40,9,46,2,1,1,4,,,123.84,
40,9,47,4,2,2,3,,,123.84,
40,9,48,1,2,2,2,,,123.84,
40,9,49,1,2,2,1,,,123.84,
40,9,50,0,3,3,2,,,123.84,
40,9,51,1,3,3,1,,,123.84,
40,9,52,4,0,0,2,,,123.84,
40,9,53,2,4,4,0,,,123.84,
40,9,54,1,1,1,1,,,123.84,
40,9,55,4,2,2,2,,,123.84,
40,9,56,1,2,2,2,,,123.84,
40,9,57,1,0,0,0,,,123.84,
40,9,58,0,2,2,3,,,123.84,
40,9,59,4,2,2,1,,,123.84,
40,9,60,1,4,4,4,,,123.84,
40,9,61,1,0,0,4,,,123.84,
40,9,62,2,1,1,1,,,123.84,
40,9,63,3,0,0,4,,,123.84,
40,9,64,3,0,0,2,,,123.84,
40,9,65,2,3,3,4,,,123.84,
40,9,66,0,0,0,2,,,123.84,
40,9,67,3,3,3,1,,,123.84,
40,9,68,0,1,1,1,,,123.84,
40,9,69,0,3,3,2,,,123.84,
40,9,70,3,0,0,3,,,123.84,
40,9,71,1,4,4,2,,,123.84,
40,9,72,3,0,0,1,,,123.84,
40,9,73,4,0,0,2,,,123.84,
40,9,74,4,0,0,0,,,123.84,
40,9,75,4,4,4,0,,,123.84,
40,9,76,3,2,2,3,,,123.84,
40,9,77,2,2,2,1,,,123.84,
40,9,78,3,3,3,2,,,123.84,
40,9,79,4,2,2,2,,,123.84,
40,9,80,3,3,3,1,,,123.84,
40,9,81,3,4,4,3,,,123.84,
40,9,82,2,2,2,4,,,123.84,
40,9,83,4,0,0,2,,,123.84,
40,9,84,2,3,3,1,,,123.84,
40,9,85,3,4,4,1,,,123.84,
40,9,86,2,3,3,0,,,123.84,
40,9,87,1,0,0,4,,,123.84,
40,9,88,0,3,3,4,,,123.84,
40,9,89,0,2,2,4,,,123.84,
40,9,90,4,3,3,1,,,123.84,
40,9,91,3,4,4,4,,,123.84,
40,9,92,4,3,3,4,,,123.84,
40,9,93,3,2,2,1,,,123.84,
40,9,94,4,0,0,0,,,123.84,
40,9,95,1,4,4,2,,,123.84,
40,9,96,3,4,4,2,,,123.84,
40,9,97,3,0,0,1,,,123.84,
40,9,98,2,1,1,2,,,123.84,
40,9,99,4,3,3,0,,,123.84,
40,10,0,2,3,3,3,,,123.84,
40,10,1,2,2,2,1,,,123.84,
40,10,2,4,4,4,4,,,123.84,
40,10,3,1,2,2,2,,,123.84,
40,10,4,1,2,2,3,,,123.84,
40,10,5,1,0,0,2,,,123.84,
40,10,6,1,0,0,0,,,123.84,
40,10,7,2,3,3,4,,,123.84,
40,10,8,3,4,4,1,,,123.84,
40,10,9,4,1,1,0,,,123.84,
40,10,10,2,0,0,3,,,123.84,
40,10,11,4,1,1,3,,,123.84,
40,10,12,4,2,2,1,,,123.84,
40,10,13,1,0,0,2,,,123.84,
40,10,14,3,1,1,1,,,123.84,
40,10,15,1,0,0,3,,,123.84,
40,10,16,0,4,4,1,,,123.84,
40,10,17,2,4,4,3,,,123.84,
40,10,18,0,1,1,2,,,123.84,
40,10,19,1,1,1,0,,,123.84,
40,10,20,1,2,2,0,,,123.84,
40,10,21,0,2,2,2,,,123.84,
40,10,22,2,3,3,0,,,123.84,
40,10,23,1,3,3,3,,,123.84,
40,10,24,3,1,1,0,,,123.84,
40,10,25,0,0,0,2,,,123.84,
40,10,26,2,3,3,2,,,123.84,
40,10,27,0,3,3,4,,,123.84,
40,10,28,3,0,0,4,,,123.84,
40,10,29,2,0,0,0,,,123.84,
40,10,30,2,3,3,1,,,123.84,
40,10,31,0,3,3,0,,,123.84,
40,10,32,4,0,0,2,,,123.84,
40,10,33,1,2,2,2,,,123.84,
40,10,34,4,1,1,2,,,123.84,
40,10,35,3,4,4,3,,,123.84,
40,10,36,2,2,2,0,,,123.84,
40,10,37,1,0,0,0,,,123.84,
40,10,38,2,1,1,4,,,123.84,
40,10,39,4,2,2,4,,,123.84,
40,10,40,3,1,1,1,,,123.84,
40,10,41,2,0,0,0,,,123.84,
40,10,42,3,1,1,1,,,123.84,
40,10,43,2,3,3,4,,,123.84,
40,10,44,3,4,4,0,,,123.84,
40,10,45,4,4,4,3,,,123.84,
40,10,46,1,0,0,2,,,123.84,
40,10,47,2,0,0,2,,,123.84,
40,10,48,1,4,4,4,,,123.84,
40,10,49,4,0,0,4,,,123.84,
40,10,50,3,1,1,1,,,123.84,
40,10,51,4,4,4,1,,,123.84,
40,10,52,4,0,0,4,,,123.84,
40,10,53,2,4,4,0,,,123.84,
40,10,54,1,2,2,0,,,123.84,
40,10,55,4,0,0,1,,,123.84,
40,10,56,1,2,2,4,,,123.84,
40,10,57,3,4,4,0,,,123.84,
40,10,58,0,2,2,0,,,123.84,
40,10,59,3,4,4,3,,,123.84,
40,10,60,3,1,1,2,,,123.84,
40,10,61,2,3,3,4,,,123.84,
40,10,62,3,2,2,1,,,123.84,
40,10,63,4,4,4,4,,,123.84,
40,10,64,0,4,4,2,,,123.84,
40,10,65,3,0,0,1,,,123.84,
40,10,66,1,0,0,4,,,123.84,
40,10,67,1,2,2,4,,,123.84,
40,10,68,3,3,3,4,,,123.84,
40,10,69,3,0,0,4,,,123.84,
40,10,70,1,1,1,4,,,123.84,
40,10,71,1,2,2,2,,,123.84,
40,10,72,1,0,0,2,,,123.84,
40,10,73,2,4,4,2,,,123.84,
40,10,74,2,0,0,4,,,123.84,
40,10,75,1,2,2,1,,,123.84,
40,10,76,1,4,4,1,,,123.84,
40,10,77,2,2,2,4,,,123.84,
40,10,78,0,2,2,0,,,123.84,
40,10,79,1,1,1,4,,,123.84,
40,10,80,4,4,4,3,,,123.84,
40,10,81,4,3,3,0,,,123.84,
40,10,82,4,2,2,1,,,123.84,
40,10,83,4,3,3,0,,,123.84,
40,10,84,3,2,2,3,,,123.84,
40,10,85,3,3,3,4,,,123.84,
40,10,86,1,1,1,2,,,123.84,
40,10,87,1,3,3,2,,,123.84,
40,10,88,0,4,4,0,,,123.84,
40,10,89,2,3,3,4,,,123.84,
40,10,90,0,0,0,2,,,123.84,
40,10,91,3,4,4,2,,,123.84,
40,10,92,0,4,4,1,,,123.84,
40,10,93,0,1,1,1,,,123.84,
40,10,94,0,0,0,3,,,123.84,
40,10,95,0,4,4,2,,,123.84,
40,10,96,2,4,4,2,,,123.84,
40,10,97,4,0,0,1,,,123.84,
40,10,98,1,4,4,1,,,123.84,
40,10,99,0,3,3,0,,,123.84,
60,0,0,3,-1,3,0,,,121.33,
60,0,1,3,-1,3,0,,,121.33,
60,0,2,0,-1,0,4,,,121.33,
60,0,3,2,-1,2,4,,,121.33,
60,0,4,4,-1,4,1,,,121.33,
60,0,5,3,-1,3,1,,,121.33,
60,0,6,2,-1,2,2,,,121.33,
60,0,7,0,-1,0,2,,,121.33,
60,0,8,0,-1,0,4,,,121.33,
60,0,9,0,-1,0,3,,,121.33,
60,0,10,0,-1,0,4,,,121.33,
60,0,11,2,-1,2,4,,,121.33,
60,0,12,4,-1,4,0,,,121.33,
60,0,13,4,-1,4,0,,,121.33,
60,0,14,4,-1,4,2,,,121.33,
60,0,15,2,-1,2,4,,,121.33,
60,0,16,4,-1,0,1,,,121.33,
60,0,17,2,-1,2,4,,,121.33,
60,0,18,1,-1,1,0,,,121.33,
60,0,19,3,-1,3,1,,,121.33,
60,0,20,1,-1,1,0,,,121.33,
60,0,21,0,-1,0,3,,,121.33,
60,0,22,2,-1,2,1,,,121.33,
60,0,23,4,-1,4,4,,,121.33,
60,0,24,1,-1,1,4,,,121.33,
60,0,25,1,-1,1,4,,,121.33,
60,0,26,1,-1,1,1,,,121.33,
60,0,27,2,-1,2,4,,,121.33,
60,0,28,2,-1,2,3,,,121.33,
60,0,29,3,-1,3,3,,,121.33,
60,0,30,0,-1,0,0,,,121.33,
60,0,31,4,-1,4,3,,,121.33,
60,0,32,1,-1,1,4,,,121.33,
60,0,33,2,-1,2,1,,,121.33,
60,0,34,3,-1,3,3,,,121.33,
60,0,35,2,-1,2,3,,,121.33,
60,0,36,4,-1,4,1,,,121.33,
60,0,37,0,-1,0,4,,,121.33,
60,0,38,3,-1,3,2,,,121.33,
60,0,39,4,-1,4,4,,,121.33,
60,0,40,2,-1,2,1,,,121.33,
60,0,41,3,-1,0,1,,,121.33,
60,0,42,0,-1,0,4,,,121.33,
60,0,43,0,-1,0,0,,,121.33,
60,0,44,2,-1,2,1,,,121.33,
60,0,45,1,-1,1,4,,,121.33,
60,0,46,0,-1,0,2,,,121.33,
60,0,47,1,-1,1,2,,,121.33,
60,0,48,0,-1,0,2,,,121.33,
60,0,49,4,-1,4,1,,,121.33,
60,0,50,0,-1,0,0,,,121.33,
60,0,51,2,-1,2,2,,,121.33,
60,0,52,4,-1,4,1,,,121.33,
60,0,53,0,-1,0,1,,,121.33,
60,0,54,3,-1,3,0,,,121.33,
60,0,55,0,-1,0,3,,,121.33,
60,0,56,0,-1,0,1,,,121.33,
60,0,57,2,-1,2,2,,,121.33,
60,0,58,1,-1,1,4,,,121.33,
60,0,59,3,-1,3,1,,,121.33,
60,0,60,3,-1,3,2,,,121.33,
60,0,61,4,-1,4,1,,,121.33,
60,0,62,1,-1,1,1,,,121.33,
60,0,63,1,-1,1,0,,,121.33,
60,0,64,0,-1,0,4,,,121.33,
60,0,65,2,-1,2,4,,,121.33,
60,0,66,4,-1,4,2,,,121.33,
60,0,67,0,-1,0,1,,,121.33,
60,0,68,0,-1,0,1,,,121.33,
60,0,69,4,-1,4,1,,,121.33,
60,0,70,4,-1,4,2,,,121.33,
60,0,71,1,-1,1,0,,,121.33,
60,0,72,2,-1,2,1,,,121.33,
60,0,73,0,-1,0,2,,,121.33,
60,0,74,1,-1,1,0,,,121.33,
60,0,75,0,-1,0,4,,,121.33,
60,0,76,3,-1,3,3,,,121.33,
60,0,77,4,-1,4,0,,,121.33,
60,0,78,2,-1,2,2,,,121.33,
60,0,79,2,-1,2,0,,,121.33,
60,0,80,2,-1,2,4,,,121.33,
60,0,81,2,-1,2,1,,,121.33,
60,0,82,4,-1,4,1,,,121.33,
60,0,83,1,-1,1,0,,,121.33,
60,0,84,1,-1,1,2,,,121.33,
60,0,85,4,-1,4,1,,,121.33,
60,0,86,2,-1,2,0,,,121.33,
60,0,87,4,-1,4,2,,,121.33,
60,0,88,1,-1,1,3,,,121.33,
60,0,89,4,-1,4,2,,,121.33,
60,0,90,0,-1,0,3,,,121.33,
60,0,91,1,-1,1,4,,,121.33,
60,0,92,2,-1,2,1,,,121.33,
60,0,93,3,-1,3,4,,,121.33,
60,0,94,1,-1,1,2,,,121.33,
60,0,95,3,-1,3,2,,,121.33,
60,0,96,0,-1,0,0,,,121.33,
60,0,97,3,-1,3,4,,,121.33,
60,0,98,2,-1,2,2,,,121.33,
60,0,99,4,-1,4,1,,,121.33,
60,1,0,1,1,1,1,,,121.33,
60,1,1,3,3,3,1,,,121.33,
60,1,2,3,3,3,2,,,121.33,
60,1,3,3,2,3,2,,,121.33,
60,1,4,4,0,4,1,,,121.33,
60,1,5,1,1,1,1,,,121.33,
60,1,6,0,2,0,4,,,121.33,
60,1,7,2,2,2,0,,,121.33,
60,1,8,4,4,4,0,,,121.33,
60,1,9,3,1,3,2,,,121.33,
60,1,10,2,1,2,0,,,121.33,
60,1,11,0,0,0,1,,,121.33,
60,1,12,4,1,4,2,,,121.33,
60,1,13,0,4,4,3,,,121.33,
60,1,14,1,4,1,4,,,121.33,
60,1,15,4,2,4,0,,,121.33,
60,1,16,4,1,4,4,,,121.33,
60,1,17,3,3,3,4,,,121.33,
60,1,18,0,1,0,4,,,121.33,
60,1,19,4,0,4,0,,,121.33,
60,1,20,4,4,4,3,,,121.33,
60,1,21,1,3,1,2,,,121.33,
60,1,22,0,2,0,2,,,121.33,
60,1,23,3,0,3,2,,,121.33,
60,1,24,0,0,0,3,,,121.33,
60,1,25,0,1,0,1,,,121.33,
60,1,26,4,1,4,4,,,121.33,
60,1,27,1,3,1,0,,,121.33,
60,1,28,2,2,2,3,,,121.33,
60,1,29,3,2,3,0,,,121.33,
60,1,30,1,3,1,4,,,121.33,
60,1,31,0,2,0,0,,,121.33,
60,1,32,1,3,1,0,,,121.33,
60,1,33,2,2,2,1,,,121.33,
60,1,34,2,2,2,4,,,121.33,
60,1,35,4,0,4,2,,,121.33,
60,1,36,3,1,3,2,,,121.33,
60,1,37,4,3,4,4,,,121.33,
60,1,38,0,3,0,3,,,121.33,
60,1,39,2,3,2,4,,,121.33,
60,1,40,2,3,2,0,,,121.33,
60,1,41,3,3,3,1,,,121.33,
60,1,42,3,3,3,4,,,121.33,
60,1,43,2,2,2,1,,,121.33,
60,1,44,4,3,4,1,,,121.33,
60,1,45,3,3,3,0,,,121.33,
60,1,46,2,1,2,3,,,121.33,
60,1,47,4,0,4,4,,,121.33,
60,1,48,0,3,0,1,,,121.33,
60,1,49,1,3,1,2,,,121.33,
60,1,50,3,1,3,1,,,121.33,
60,1,51,0,2,0,1,,,121.33,
60,1,52,1,3,1,0,,,121.33,
60,1,53,3,4,3,0,,,121.33,
60,1,54,0,0,0,3,,,121.33,
60,1,55,1,1,1,3,,,121.33,
60,1,56,2,3,2,0,,,121.33,
60,1,57,1,1,1,4,,,121.33,
60,1,58,4,4,4,0,,,121.33,
60,1,59,4,0,0,1,,,121.33,
60,1,60,3,4,3,2,,,121.33,
60,1,61,2,4,2,4,,,121.33,
60,1,62,4,1,4,1,,,121.33,
60,1,63,0,3,0,4,,,121.33,
60,1,64,0,4,0,2,,,121.33,
60,1,65,0,0,0,1,,,121.33,
60,1,66,3,1,3,3,,,121.33,
60,1,67,0,0,0,3,,,121.33,
60,1,68,2,1,2,0,,,121.33,
60,1,69,4,3,4,0,,,121.33,
60,1,70,3,0,3,0,,,121.33,
60,1,71,1,1,1,4,,,121.33,
60,1,72,3,2,3,4,,,121.33,
60,1,73,3,0,3,4,,,121.33,
60,1,74,0,0,0,4,,,121.33,
60,1,75,2,1,2,1,,,121.33,
60,1,76,2,1,2,2,,,121.33,
60,1,77,1,4,1,0,,,121.33,
60,1,78,2,3,2,4,,,121.33,
60,1,79,0,0,0,2,,,121.33,
60,1,80,3,2,3,4,,,121.33,
60,1,81,1,4,1,4,,,121.33,
60,1,82,1,3,1,0,,,121.33,
60,1,83,0,1,0,0,,,121.33,
60,1,84,2,4,2,0,,,121.33,
60,1,85,0,0,0,1,,,121.33,
60,1,86,2,2,2,4,,,121.33,
60,1,87,3,1,1,2,,,121.33,
60,1,88,3,1,3,4,,,121.33,
60,1,89,2,1,2,1,,,121.33,
60,1,90,0,3,0,2,,,121.33,
60,1,91,0,0,0,1,,,121.33,
60,1,92,2,4,2,1,,,121.33,
60,1,93,1,2,1,0,,,121.33,
60,1,94,1,1,1,2,,,121.33,
60,1,95,4,3,4,0,,,121.33,
60,1,96,2,4,2,1,,,121.33,
60,1,97,3,1,3,4,,,121.33,
60,1,98,2,1,2,1,,,121.33,
60,1,99,4,3,4,4,,,121.33,
60,2,0,4,1,4,2,,,121.33,
60,2,1,0,2,2,1,,,121.33,
60,2,2,2,3,2,2,,,121.33,
60,2,3,0,1,0,2,,,121.33,
60,2,4,0,2,0,2,,,121.33,
60,2,5,0,3,0,0,,,121.33,
60,2,6,4,1,4,1,,,121.33,
60,2,7,2,0,2,2,,,121.33,
60,2,8,2,3,2,4,,,121.33,
60,2,9,0,4,0,4,,,121.33,
60,2,10,2,4,2,2,,,121.33,
60,2,11,4,4,4,4,,,121.33,
60,2,12,1,3,1,2,,,121.33,
60,2,13,1,0,1,1,,,121.33,
60,2,14,4,2,4,2,,,121.33,
60,2,15,4,2,4,4,,,121.33,
60,2,16,3,2,2,1,,,121.33,
60,2,17,0,3,3,3,,,121.33,
60,2,18,3,4,3,3,,,121.33,
60,2,19,2,3,3,3,,,121.33,
60,2,20,2,4,4,2,,,121.33,
60,2,21,2,2,2,0,,,121.33,
60,2,22,0,1,1,1,,,121.33,
60,2,23,2,1,2,0,,,121.33,
60,2,24,4,4,4,4,,,121.33,
60,2,25,4,3,3,3,,,121.33,
60,2,26,0,1,0,0,,,121.33,
60,2,27,0,3,0,2,,,121.33,
60,2,28,1,3,3,1,,,121.33,
60,2,29,4,4,4,1,,,121.33,
60,2,30,2,3,2,0,,,121.33,
60,2,31,4,0,4,4,,,121.33,
60,2,32,4,3,4,0,,,121.33,
60,2,33,1,3,1,3,,,121.33,
60,2,34,4,0,4,4,,,121.33,
60,2,35,4,1,4,0,,,121.33,
60,2,36,1,4,1,2,,,121.33,
60,2,37,1,1,1,1,,,121.33,
60,2,38,2,4,2,0,,,121.33,
60,2,39,3,1,1,0,,,121.33,
60,2,40,0,2,2,2,,,121.33,
60,2,41,2,2,2,1,,,121.33,
60,2,42,0,1,0,1,,,121.33,
60,2,43,2,0,2,1,,,121.33,
60,2,44,2,1,1,0,,,121.33,
60,2,45,1,4,1,4,,,121.33,
60,2,46,0,2,0,1,,,121.33,
60,2,47,0,3,3,0,,,121.33,
60,2,48,4,0,4,4,,,121.33,
60,2,49,4,1,4,2,,,121.33,
60,2,50,2,3,2,1,,,121.33,
60,2,51,3,0,0,3,,,121.33,
60,2,52,3,0,3,1,,,121.33,
60,2,53,4,4,4,0,,,121.33,
60,2,54,2,0,2,0,,,121.33,
60,2,55,4,1,4,2,,,121.33,
60,2,56,3,4,4,1,,,121.33,
60,2,57,4,4,4,3,,,121.33,
60,2,58,1,0,1,3,,,121.33,
60,2,59,2,0,2,2,,,121.33,
60,2,60,3,2,3,4,,,121.33,
60,2,61,4,3,4,0,,,121.33,
60,2,62,1,0,1,1,,,121.33,
60,2,63,1,3,1,4,,,121.33,
60,2,64,0,1,0,2,,,121.33,
60,2,65,2,2,2,0,,,121.33,
60,2,66,4,4,4,3,,,121.33,
60,2,67,2,3,2,3,,,121.33,
60,2,68,3,3,3,2,,,121.33,
60,2,69,1,4,1,2,,,121.33,
60,2,70,4,2,4,0,,,121.33,
60,2,71,1,2,1,2,,,121.33,
60,2,72,3,3,3,1,,,121.33,
60,2,73,1,1,1,0,,,121.33,
60,2,74,3,0,3,4,,,121.33,
60,2,75,1,1,1,3,,,121.33,
60,2,76,3,2,3,4,,,121.33,
60,2,77,3,4,3,0,,,121.33,
60,2,78,3,1,3,2,,,121.33,
60,2,79,2,0,2,1,,,121.33,
60,2,80,0,2,0,1,,,121.33,
60,2,81,1,2,1,1,,,121.33,
60,2,82,0,4,0,2,,,121.33,
60,2,83,1,1,1,1,,,121.33,
60,2,84,4,3,4,4,,,121.33,
60,2,85,2,4,2,1,,,121.33,
60,2,86,0,1,0,1,,,121.33,
60,2,87,0,0,0,2,,,121.33,
60,2,88,3,0,3,4,,,121.33,
60,2,89,4,1,4,3,,,121.33,
60,2,90,4,4,4,2,,,121.33,
60,2,91,1,4,1,0,,,121.33,
60,2,92,2,4,2,1,,,121.33,
60,2,93,0,0,0,1,,,121.33,
60,2,94,2,2,2,2,,,121.33,
60,2,95,2,1,1,2,,,121.33,
60,2,96,1,1,1,1,,,121.33,
60,2,97,1,4,1,3,,,121.33,
60,2,98,0,4,0,3,,,121.33,
60,2,99,3,3,3,1,,,121.33,
60,3,0,0,0,0,3,,,121.33,
60,3,1,2,1,2,3,,,121.33,
60,3,2,1,2,1,3,,,121.33,
60,3,3,0,1,0,1,,,121.33,
60,3,4,3,4,3,2,,,121.33,
60,3,5,1,4,4,2,,,121.33,
60,3,6,3,0,0,1,,,121.33,
60,3,7,1,2,2,0,,,121.33,
60,3,8,0,1,0,3,,,121.33,
60,3,9,4,3,4,1,,,121.33,
60,3,10,3,2,3,0,,,121.33,
60,3,11,1,0,1,1,,,121.33,
60,3,12,2,1,2,0,,,121.33,
60,3,13,3,4,4,3,,,121.33,
60,3,14,1,0,1,1,,,121.33,
60,3,15,2,1,1,4,,,121.33,
60,3,16,3,3,3,1,,,121.33,
60,3,17,2,1,2,3,,,121.33,
60,3,18,1,3,3,2,,,121.33,
60,3,19,2,2,2,2,,,121.33,
60,3,20,1,4,4,0,,,121.33,
60,3,21,4,3,3,2,,,121.33,
60,3,22,4,0,0,2,,,121.33,
60,3,23,1,0,0,4,,,121.33,
60,3,24,3,3,3,3,,,121.33,
60,3,25,4,2,2,3,,,121.33,
60,3,26,4,3,3,1,,,121.33,
60,3,27,1,4,4,2,,,121.33,
60,3,28,4,2,2,0,,,121.33,
60,3,29,3,2,3,2,,,121.33,
60,3,30,3,3,3,0,,,121.33,
60,3,31,2,3,3,2,,,121.33,
60,3,32,3,4,4,4,,,121.33,
60,3,33,0,0,0,1,,,121.33,
60,3,34,3,0,3,1,,,121.33,
60,3,35,4,1,4,2,,,121.33,
60,3,36,0,0,0,2,,,121.33,
60,3,37,2,4,2,0,,,121.33,
60,3,38,0,2,2,1,,,121.33,
60,3,39,3,1,1,2,,,121.33,
60,3,40,2,3,2,0,,,121.33,
60,3,41,3,1,1,3,,,121.33,
60,3,42,0,3,0,4,,,121.33,
60,3,43,1,3,3,1,,,121.33,
60,3,44,1,0,1,0,,,121.33,
60,3,45,1,4,1,1,,,121.33,
60,3,46,0,3,0,3,,,121.33,
60,3,47,4,0,4,1,,,121.33,
60,3,48,3,0,3,4,,,121.33,
60,3,49,2,4,4,3,,,121.33,
60,3,50,3,3,3,3,,,121.33,
60,3,51,2,3,2,4,,,121.33,
60,3,52,1,4,4,3,,,121.33,
60,3,53,3,3,3,1,,,121.33,
60,3,54,4,3,4,1,,,121.33,
60,3,55,1,1,1,4,,,121.33,
60,3,56,2,0,0,0,,,121.33,
60,3,57,4,4,4,2,,,121.33,
60,3,58,3,3,3,4,,,121.33,
60,3,59,1,2,1,4,,,121.33,
60,3,60,0,2,2,0,,,121.33,
60,3,61,2,4,4,2,,,121.33,
60,3,62,3,2,3,4,,,121.33,
60,3,63,3,1,1,3,,,121.33,
60,3,64,2,1,2,4,,,121.33,
60,3,65,2,0,0,1,,,121.33,
60,3,66,3,1,3,2,,,121.33,
60,3,67,1,1,1,3,,,121.33,
60,3,68,0,1,1,4,,,121.33,
60,3,69,1,4,1,0,,,121.33,
60,3,70,2,2,2,3,,,121.33,
60,3,71,1,4,1,2,,,121.33,
60,3,72,3,3,3,1,,,121.33,
60,3,73,0,4,0,1,,,121.33,
60,3,74,0,1,0,0,,,121.33,
60,3,75,2,0,0,2,,,121.33,
60,3,76,1,4,1,0,,,121.33,
60,3,77,2,2,2,3,,,121.33,
60,3,78,0,3,0,2,,,121.33,
60,3,79,4,3,3,3,,,121.33,
60,3,80,3,1,1,2,,,121.33,
60,3,81,2,1,1,3,,,121.33,
60,3,82,4,0,0,2,,,121.33,
60,3,83,1,2,2,2,,,121.33,
60,3,84,3,2,3,0,,,121.33,
60,3,85,1,3,1,1,,,121.33,
60,3,86,2,4,2,4,,,121.33,
60,3,87,1,0,1,1,,,121.33,
60,3,88,2,3,2,3,,,121.33,
60,3,89,0,0,0,0,,,121.33,
60,3,90,0,2,0,2,,,121.33,
60,3,91,0,3,3,1,,,121.33,
60,3,92,4,2,4,3,,,121.33,
60,3,93,3,1,3,4,,,121.33,
60,3,94,0,4,0,0,,,121.33,
60,3,95,4,0,4,0,,,121.33,
60,3,96,0,1,1,3,,,121.33,
60,3,97,0,1,1,2,,,121.33,
60,3,98,2,4,4,4,,,121.33,
60,3,99,0,2,2,2,,,121.33,
60,4,0,1,2,2,3,,,121.33,
60,4,1,2,0,0,1,,,121.33,
60,4,2,4,2,2,1,,,121.33,
60,4,3,1,2,1,4,,,121.33,
60,4,4,4,2,2,2,,,121.33,
60,4,5,3,0,0,0,,,121.33,
60,4,6,3,3,3,4,,,121.33,
60,4,7,1,0,0,0,,,121.33,
60,4,8,2,0,0,1,,,121.33,
60,4,9,1,0,0,3,,,121.33,
60,4,10,4,2,2,4,,,121.33,
60,4,11,2,0,0,1,,,121.33,
60,4,12,1,0,1,0,,,121.33,
60,4,13,3,0,0,0,,,121.33,
60,4,14,0,2,2,3,,,121.33,
60,4,15,3,1,3,0,,,121.33,
60,4,16,0,3,3,1,,,121.33,
60,4,17,3,4,4,4,,,121.33,
60,4,18,4,4,4,3,,,121.33,
60,4,19,3,0,0,0,,,121.33,
60,4,20,4,3,3,0,,,121.33,
60,4,21,3,3,3,0,,,121.33,
60,4,22,4,4,4,2,,,121.33,
60,4,23,1,1,1,0,,,121.33,
60,4,24,2,3,3,0,,,121.33,
60,4,25,0,4,4,1,,,121.33,
60,4,26,3,1,1,2,,,121.33,
60,4,27,0,2,2,0,,,121.33,
60,4,28,4,3,3,2,,,121.33,
60,4,29,0,3,0,0,,,121.33,
60,4,30,2,0,0,2,,,121.33,
60,4,31,2,0,0,2,,,121.33,
60,4,32,2,3,3,3,,,121.33,
60,4,33,4,4,4,0,,,121.33,
60,4,34,2,3,3,0,,,121.33,
60,4,35,3,0,0,1,,,121.33,
60,4,36,4,1,1,2,,,121.33,
60,4,37,3,1,1,0,,,121.33,
60,4,38,4,1,4,2,,,121.33,
60,4,39,1,1,1,4,,,121.33,
60,4,40,4,0,0,2,,,121.33,
60,4,41,1,2,1,2,,,121.33,
60,4,42,4,0,0,0,,,121.33,
60,4,43,1,2,2,4,,,121.33,
60,4,44,4,0,0,0,,,121.33,
60,4,45,1,3,3,3,,,121.33,
60,4,46,4,1,1,3,,,121.33,
60,4,47,3,4,3,3,,,121.33,
60,4,48,4,1,1,1,,,121.33,
60,4,49,0,1,1,3,,,121.33,
60,4,50,3,1,1,2,,,121.33,
60,4,51,3,4,4,2,,,121.33,
60,4,52,0,0,0,3,,,121.33,
60,4,53,0,4,4,0,,,121.33,
60,4,54,1,4,4,3,,,121.33,
60,4,55,3,4,3,4,,,121.33,
60,4,56,2,1,1,0,,,121.33,
60,4,57,3,0,3,0,,,121.33,
60,4,58,0,2,2,3,,,121.33,
60,4,59,4,3,3,4,,,121.33,
60,4,60,1,3,3,0,,,121.33,
60,4,61,3,3,3,2,,,121.33,
60,4,62,0,1,1,1,,,121.33,
60,4,63,4,0,0,4,,,121.33,
60,4,64,4,3,4,4,,,121.33,
60,4,65,3,3,3,1,,,121.33,
60,4,66,3,1,3,2,,,121.33,
60,4,67,1,1,1,3,,,121.33,
60,4,68,0,2,2,1,,,121.33,
60,4,69,2,4,4,4,,,121.33,
60,4,70,2,4,4,1,,,121.33,
60,4,71,4,2,2,4,,,121.33,
60,4,72,2,2,2,0,,,121.33,
60,4,73,2,3,3,1,,,121.33,
60,4,74,0,4,4,4,,,121.33,
60,4,75,1,1,1,4,,,121.33,
60,4,76,0,4,4,1,,,121.33,
60,4,77,2,0,0,0,,,121.33,
60,4,78,3,2,2,1,,,121.33,
60,4,79,4,3,3,2,,,121.33,
60,4,80,3,2,2,0,,,121.33,
60,4,81,2,3,3,3,,,121.33,
60,4,82,1,0,1,1,,,121.33,
60,4,83,3,0,0,1,,,121.33,
60,4,84,2,1,2,4,,,121.33,
60,4,85,4,0,4,2,,,121.33,
60,4,86,3,3,3,0,,,121.33,
60,4,87,3,2,3,4,,,121.33,
60,4,88,4,3,3,2,,,121.33,
60,4,89,1,3,1,0,,,121.33,
60,4,90,2,4,4,2,,,121.33,
60,4,91,1,1,1,0,,,121.33,
60,4,92,1,1,1,3,,,121.33,
60,4,93,3,2,2,0,,,121.33,
60,4,94,3,4,4,1,,,121.33,
60,4,95,1,4,4,3,,,121.33,
60,4,96,3,3,3,2,,,121.33,
60,4,97,4,0,0,0,,,121.33,
60,4,98,2,1,2,2,,,121.33,
60,4,99,2,3,3,2,,,121.33,
60,5,0,2,3,3,4,,,121.33,
60,5,1,4,3,3,4,,,121.33,
60,5,2,4,4,4,0,,,121.33,
60,5,3,2,1,1,1,,,121.33,
60,5,4,3,0,0,3,,,121.33,
60,5,5,0,3,3,0,,,121.33,
60,5,6,1,4,4,1,,,121.33,
60,5,7,0,1,1,1,,,121.33,
60,5,8,4,3,4,2,,,121.33,
60,5,9,4,0,0,4,,,121.33,
60,5,10,4,0,0,0,,,121.33,
60,5,11,1,1,1,3,,,121.33,
60,5,12,2,2,2,4,,,121.33,
60,5,13,0,0,0,3,,,121.33,
60,5,14,1,3,3,3,,,121.33,
60,5,15,1,3,3,3,,,121.33,
60,5,16,2,3,3,3,,,121.33,
60,5,17,3,3,3,3,,,121.33,
60,5,18,2,0,2,2,,,121.33,
60,5,19,4,3,3,0,,,121.33,
60,5,20,4,2,2,0,,,121.33,
60,5,21,2,0,0,2,,,121.33,
60,5,22,4,3,3,2,,,121.33,
60,5,23,1,1,1,3,,,121.33,
60,5,24,0,3,3,4,,,121.33,
60,5,25,4,3,3,3,,,121.33,
60,5,26,2,1,1,1,,,121.33,
60,5,27,0,4,4,4,,,121.33,
60,5,28,3,4,4,3,,,121.33,
60,5,29,4,0,0,3,,,121.33,
60,5,30,3,3,3,1,,,121.33,
60,5,31,4,1,1,0,,,121.33,
60,5,32,4,0,0,1,,,121.33,
60,5,33,0,0,0,1,,,121.33,
60,5,34,2,2,2,1,,,121.33,
60,5,35,0,0,0,1,,,121.33,
60,5,36,3,3,3,0,,,121.33,
60,5,37,1,0,0,4,,,121.33,
60,5,38,3,1,1,2,,,121.33,
60,5,39,2,3,3,2,,,121.33,
60,5,40,4,1,1,4,,,121.33,
60,5,41,1,1,1,3,,,121.33,
60,5,42,3,0,0,1,,,121.33,
60,5,43,2,2,2,0,,,121.33,
60,5,44,3,1,1,2,,,121.33,
60,5,45,0,1,0,1,,,121.33,
60,5,46,1,4,4,3,,,121.33,
60,5,47,0,1,1,2,,,121.33,
60,5,48,3,4,4,4,,,121.33,
60,5,49,2,0,0,3,,,121.33,
60,5,50,1,0,0,0,,,121.33,
60,5,51,1,4,4,2,,,121.33,
60,5,52,4,0,0,2,,,121.33,
60,5,53,3,3,3,0,,,121.33,
60,5,54,3,3,3,3,,,121.33,
60,5,55,0,4,4,3,,,121.33,
60,5,56,2,1,1,2,,,121.33,
60,5,57,1,2,2,2,,,121.33,
60,5,58,4,2,2,3,,,121.33,
60,5,59,3,0,0,1,,,121.33,
60,5,60,4,1,1,1,,,121.33,
60,5,61,2,1,1,2,,,121.33,
60,5,62,4,1,4,2,,,121.33,
60,5,63,0,0,0,4,,,121.33,
60,5,64,1,1,1,1,,,121.33,
60,5,65,1,2,2,2,,,121.33,
60,5,66,0,2,2,4,,,121.33,
60,5,67,1,2,2,2,,,121.33,
60,5,68,0,1,1,0,,,121.33,
60,5,69,2,1,1,4,,,121.33,
60,5,70,4,1,1,2,,,121.33,
60,5,71,1,0,0,0,,,121.33,
60,5,72,0,2,2,2,,,121.33,
60,5,73,4,1,1,2,,,121.33,
60,5,74,1,1,1,2,,,121.33,
60,5,75,2,0,0,2,,,121.33,
60,5,76,4,2,2,2,,,121.33,
60,5,77,0,4,4,0,,,121.33,
60,5,78,1,1,1,1,,,121.33,
60,5,79,2,2,2,1,,,121.33,
60,5,80,1,4,4,4,,,121.33,
60,5,81,4,1,1,3,,,121.33,
60,5,82,0,1,1,2,,,121.33,
60,5,83,0,0,0,1,,,121.33,
60,5,84,3,0,0,2,,,121.33,
60,5,85,3,3,3,0,,,121.33,
60,5,86,2,2,2,2,,,121.33,
60,5,87,4,1,1,2,,,121.33,
60,5,88,2,3,3,2,,,121.33,
60,5,89,3,3,3,1,,,121.33,
60,5,90,2,4,4,0,,,121.33,
60,5,91,4,3,3,0,,,121.33,
60,5,92,4,0,0,0,,,121.33,
60,5,93,4,0,0,0,,,121.33,
60,5,94,3,4,4,4,,,121.33,
60,5,95,2,1,1,2,,,121.33,
60,5,96,0,3,3,2,,,121.33,
60,5,97,0,1,1,4,,,121.33,
60,5,98,2,2,2,1,,,121.33,
60,5,99,2,4,4,0,,,121.33,
60,6,0,1,2,2,0,,,121.33,
60,6,1,3,2,2,2,,,121.33,
60,6,2,0,0,0,2,,,121.33,
60,6,3,3,3,3,1,,,121.33,
60,6,4,1,2,2,3,,,121.33,
60,6,5,4,4,4,2,,,121.33,
60,6,6,0,4,4,1,,,121.33,
60,6,7,4,3,3,3,,,121.33,
60,6,8,3,4,4,2,,,121.33,
60,6,9,2,0,0,0,,,121.33,
60,6,10,1,1,1,2,,,121.33,
60,6,11,4,2,2,3,,,121.33,
60,6,12,4,0,0,3,,,121.33,
60,6,13,2,3,3,2,,,121.33,
60,6,14,3,0,0,0,,,121.33,
60,6,15,0,4,4,0,,,121.33,
60,6,16,0,2,2,3,,,121.33,
60,6,17,4,1,1,3,,,121.33,
60,6,18,3,4,4,0,,,121.33,
60,6,19,1,2,2,1,,,121.33,
60,6,20,3,3,3,3,,,121.33,
60,6,21,2,2,2,2,,,121.33,
60,6,22,3,2,2,4,,,121.33,
60,6,23,0,2,2,1,,,121.33,
60,6,24,3,3,3,0,,,121.33,
60,6,25,1,2,2,2,,,121.33,
60,6,26,2,1,1,0,,,121.33,
60,6,27,1,2,2,1,,,121.33,
60,6,28,2,2,2,4,,,121.33,
60,6,29,0,3,3,0,,,121.33,
60,6,30,3,4,4,0,,,121.33,
60,6,31,1,2,2,3,,,121.33,
60,6,32,4,1,1,3,,,121.33,
60,6,33,4,0,0,2,,,121.33,
60,6,34,3,1,1,0,,,121.33,
60,6,35,1,0,0,3,,,121.33,
60,6,36,2,0,0,3,,,121.33,
60,6,37,3,3,3,0,,,121.33,
60,6,38,4,2,2,4,,,121.33,
60,6,39,2,1,1,2,,,121.33,
60,6,40,2,4,4,1,,,121.33,
60,6,41,1,2,2,2,,,121.33,
60,6,42,4,0,0,4,,,121.33,
60,6,43,4,2,2,0,,,121.33,
60,6,44,0,2,2,0,,,121.33,
60,6,45,0,0,0,3,,,121.33,
60,6,46,4,0,0,0,,,121.33,
60,6,47,0,2,2,3,,,121.33,
60,6,48,4,0,0,3,,,121.33,
60,6,49,0,1,1,0,,,121.33,
60,6,50,2,2,2,4,,,121.33,
60,6,51,0,4,4,3,,,121.33,
60,6,52,2,0,0,0,,,121.33,
60,6,53,1,3,3,4,,,121.33,
60,6,54,3,0,0,2,,,121.33,
60,6,55,3,0,0,2,,,121.33,
60,6,56,3,4,4,2,,,121.33,
60,6,57,4,3,3,1,,,121.33,
60,6,58,3,0,0,0,,,121.33,
60,6,59,0,2,2,2,,,121.33,
60,6,60,3,3,3,2,,,121.33,
60,6,61,1,1,1,1,,,121.33,
60,6,62,2,3,3,0,,,121.33,
60,6,63,0,2,2,1,,,121.33,
60,6,64,1,0,0,0,,,121.33,
60,6,65,1,2,2,3,,,121.33,
60,6,66,4,3,3,2,,,121.33,
60,6,67,2,2,2,2,,,121.33,
60,6,68,4,3,3,4,,,121.33,
60,6,69,3,1,1,0,,,121.33,
60,6,70,3,1,1,2,,,121.33,
60,6,71,0,1,1,1,,,121.33,
60,6,72,4,4,4,2,,,121.33,
60,6,73,1,0,0,3,,,121.33,
60,6,74,2,1,1,2,,,121.33,
60,6,75,4,3,3,1,,,121.33,
60,6,76,1,1,1,0,,,121.33,
60,6,77,1,1,1,4,,,121.33,
60,6,78,2,1,1,3,,,121.33,
60,6,79,1,0,0,4,,,121.33,
60,6,80,3,3,3,4,,,121.33,
60,6,81,1,4,4,1,,,121.33,
60,6,82,4,3,3,2,,,121.33,
60,6,83,4,4,4,0,,,121.33,
60,6,84,2,2,2,1,,,121.33,
60,6,85,4,4,4,0,,,121.33,
60,6,86,1,2,2,0,,,121.33,
60,6,87,3,3,3,4,,,121.33,
60,6,88,1,0,0,3,,,121.33,
60,6,89,3,0,0,0,,,121.33,
60,6,90,4,0,0,1,,,121.33,
60,6,91,4,0,0,0,,,121.33,
60,6,92,1,4,4,4,,,121.33,
60,6,93,3,1,1,4,,,121.33,
60,6,94,0,4,4,1,,,121.33,
60,6,95,0,2,2,2,,,121.33,
60,6,96,3,0,0,3,,,121.33,
60,6,97,3,3,3,4,,,121.33,
60,6,98,1,3,3,3,,,121.33,
60,6,99,1,1,1,1,,,121.33,
60,7,0,2,2,2,2,,,121.33,
60,7,1,1,3,3,1,,,121.33,
60,7,2,1,1,1,4,,,121.33,
60,7,3,0,3,3,1,,,121.33,
60,7,4,1,1,1,0,,,121.33,
60,7,5,3,0,0,3,,,121.33,
60,7,6,0,1,1,4,,,121.33,
60,7,7,2,2,2,1,,,121.33,
60,7,8,1,0,0,1,,,121.33,
60,7,9,0,1,1,0,,,121.33,
60,7,10,0,0,0,3,,,121.33,
60,7,11,1,0,0,1,,,121.33,
60,7,12,1,0,0,4,,,121.33,
60,7,13,2,4,4,0,,,121.33,
60,7,14,3,3,3,0,,,121.33,
60,7,15,0,1,1,0,,,121.33,
60,7,16,2,4,4,4,,,121.33,
60,7,17,2,1,1,3,,,121.33,
60,7,18,3,4,4,3,,,121.33,
60,7,19,4,1,1,3,,,121.33,
60,7,20,3,1,1,4,,,121.33,
60,7,21,0,0,0,3,,,121.33,
60,7,22,0,4,4,2,,,121.33,
60,7,23,1,1,1,2,,,121.33,
60,7,24,3,1,1,0,,,121.33,
60,7,25,4,0,0,2,,,121.33,
60,7,26,2,0,0,4,,,121.33,
60,7,27,0,2,2,1,,,121.33,
60,7,28,4,4,4,1,,,121.33,
60,7,29,2,4,4,1,,,121.33,
60,7,30,3,0,0,4,,,121.33,
60,7,31,1,1,1,4,,,121.33,
60,7,32,3,3,3,4,,,121.33,
60,7,33,0,1,1,2,,,121.33,
60,7,34,4,1,1,2,,,121.33,
60,7,35,1,2,2,1,,,121.33,
60,7,36,1,0,0,2,,,121.33,
60,7,37,1,4,4,2,,,121.33,
60,7,38,3,3,3,0,,,121.33,
60,7,39,3,4,4,3,,,121.33,
60,7,40,3,4,4,0,,,121.33,
60,7,41,1,3,3,2,,,121.33,
60,7,42,4,0,0,0,,,121.33,
60,7,43,2,4,4,4,,,121.33,
60,7,44,1,2,2,1,,,121.33,
60,7,45,0,3,3,0,,,121.33,
60,7,46,4,0,0,4,,,121.33,
60,7,47,1,3,3,1,,,121.33,
60,7,48,0,3,3,2,,,121.33,
60,7,49,1,2,2,1,,,121.33,
60,7,50,4,2,2,1,,,121.33,
60,7,51,1,0,0,1,,,121.33,
60,7,52,0,4,4,1,,,121.33,
60,7,53,3,2,2,2,,,121.33,
60,7,54,4,0,0,1,,,121.33,
60,7,55,0,0,0,3,,,121.33,
60,7,56,3,2,2,3,,,121.33,
60,7,57,3,2,2,3,,,121.33,
60,7,58,3,3,3,4,,,121.33,
60,7,59,1,2,2,4,,,121.33,
60,7,60,0,3,3,3,,,121.33,
60,7,61,4,0,0,4,,,121.33,
60,7,62,2,1,1,1,,,121.33,
60,7,63,0,2,2,4,,,121.33,
60,7,64,2,4,4,3,,,121.33,
60,7,65,2,0,0,2,,,121.33,
60,7,66,2,3,3,1,,,121.33,
60,7,67,4,0,0,3,,,121.33,
60,7,68,3,0,0,3,,,121.33,
60,7,69,3,3,3,2,,,121.33,
60,7,70,3,0,0,4,,,121.33,
60,7,71,2,1,1,4,,,121.33,
60,7,72,1,2,2,1,,,121.33,
60,7,73,2,3,3,0,,,121.33,
60,7,74,4,3,3,2,,,121.33,
60,7,75,4,0,0,0,,,121.33,
60,7,76,2,2,2,4,,,121.33,
60,7,77,1,2,2,4,,,121.33,
60,7,78,0,0,0,4,,,121.33,
60,7,79,0,1,1,3,,,121.33,
60,7,80,3,0,0,3,,,121.33,
60,7,81,2,1,1,2,,,121.33,
60,7,82,0,3,3,3,,,121.33,
60,7,83,4,2,2,4,,,121.33,
60,7,84,2,4,4,2,,,121.33,
60,7,85,2,4,4,0,,,121.33,
60,7,86,2,1,1,4,,,121.33,
60,7,87,2,4,4,0,,,121.33,
60,7,88,2,1,1,2,,,121.33,
60,7,89,1,2,2,0,,,121.33,
60,7,90,4,3,3,2,,,121.33,
60,7,91,3,4,4,3,,,121.33,
60,7,92,0,4,4,0,,,121.33,
60,7,93,2,0,0,4,,,121.33,
60,7,94,4,2,2,4,,,121.33,
60,7,95,4,4,4,4,,,121.33,
60,7,96,0,4,4,3,,,121.33,
60,7,97,0,2,2,1,,,121.33,
60,7,98,0,0,0,0,,,121.33,
60,7,99,2,2,2,1,,,121.33,
60,8,0,2,1,1,3,,,121.33,
60,8,1,4,3,3,0,,,121.33,
60,8,2,1,3,3,2,,,121.33,
60,8,3,1,1,1,0,,,121.33,
60,8,4,3,2,2,3,,,121.33,
60,8,5,4,3,3,0,,,121.33,
60,8,6,2,4,4,0,,,121.33,
60,8,7,4,1,1,1,,,121.33,
60,8,8,0,0,0,3,,,121.33,
60,8,9,0,4,4,0,,,121.33,
60,8,10,3,3,3,1,,,121.33,
60,8,11,2,4,4,2,,,121.33,
60,8,12,1,3,3,3,,,121.33,
60,8,13,0,4,4,0,,,121.33,
60,8,14,2,4,4,1,,,121.33,
60,8,15,2,3,3,3,,,121.33,
60,8,16,1,2,2,4,,,121.33,
60,8,17,3,3,3,2,,,121.33,
60,8,18,2,4,4,2,,,121.33,
60,8,19,2,4,4,3,,,121.33,
60,8,20,4,2,2,4,,,121.33,
60,8,21,4,4,4,3,,,121.33,
60,8,22,2,0,0,3,,,121.33,
60,8,23,0,1,1,3,,,121.33,
60,8,24,4,1,1,0,,,121.33,
60,8,25,0,0,0,3,,,121.33,
60,8,26,1,2,2,4,,,121.33,
60,8,27,2,3,3,4,,,121.33,
60,8,28,3,1,1,1,,,121.33,
60,8,29,3,2,2,2,,,121.33,
60,8,30,4,1,1,3,,,121.33,
60,8,31,1,0,0,3,,,121.33,
60,8,32,2,2,2,4,,,121.33,
60,8,33,0,4,4,1,,,121.33,
60,8,34,2,1,1,4,,,121.33,
60,8,35,2,4,4,1,,,121.33,
60,8,36,4,4,4,4,,,121.33,
60,8,37,3,0,0,0,,,121.33,
60,8,38,3,4,4,1,,,121.33,
60,8,39,0,1,1,4,,,121.33,
60,8,40,2,0,0,4,,,121.33,
60,8,41,3,1,1,1,,,121.33,
60,8,42,3,0,0,0,,,121.33,
60,8,43,3,3,3,1,,,121.33,
60,8,44,1,0,0,0,,,121.33,
60,8,45,4,1,1,1,,,121.33,
60,8,46,3,3,3,0,,,121.33,
60,8,47,4,0,0,0,,,121.33,
60,8,48,3,3,3,4,,,121.33,
60,8,49,4,4,4,2,,,121.33,
60,8,50,2,0,0,4,,,121.33,
60,8,51,2,4,4,0,,,121.33,
60,8,52,1,3,3,0,,,121.33,
60,8,53,4,3,3,0,,,121.33,
60,8,54,4,3,3,0,,,121.33,
60,8,55,4,4,4,1,,,121.33,
60,8,56,2,0,0,0,,,121.33,
60,8,57,1,3,3,3,,,121.33,
60,8,58,4,0,0,1,,,121.33,
60,8,59,0,2,2,2,,,121.33,
60,8,60,1,4,4,3,,,121.33,
60,8,61,3,1,1,1,,,121.33,
60,8,62,2,4,4,3,,,121.33,
60,8,63,3,4,4,3,,,121.33,
60,8,64,2,1,1,3,,,121.33,
60,8,65,2,2,2,2,,,121.33,
60,8,66,4,3,3,0,,,121.33,
60,8,67,4,2,2,1,,,121.33,
60,8,68,4,2,2,0,,,121.33,
60,8,69,1,4,4,3,,,121.33,
60,8,70,3,0,0,1,,,121.33,
60,8,71,0,3,3,2,,,121.33,
60,8,72,3,3,3,3,,,121.33,
60,8,73,3,4,4,2,,,121.33,
60,8,74,1,4,4,1,,,121.33,
60,8,75,1,3,3,2,,,121.33,
60,8,76,4,4,4,1,,,121.33,
60,8,77,2,0,0,4,,,121.33,
60,8,78,2,1,1,4,,,121.33,
60,8,79,3,1,1,1,,,121.33,
60,8,80,1,2,2,4,,,121.33,
60,8,81,3,1,1,2,,,121.33,
60,8,82,1,2,2,3,,,121.33,
60,8,83,2,1,1,3,,,121.33,
60,8,84,1,4,4,4,,,121.33,
60,8,85,0,2,2,4,,,121.33,
60,8,86,0,2,2,1,,,121.33,
60,8,87,2,4,4,0,,,121.33,
60,8,88,1,1,1,0,,,121.33,
60,8,89,0,2,2,4,,,121.33,
60,8,90,0,2,2,3,,,121.33,
60,8,91,1,2,2,0,,,121.33,
60,8,92,2,1,1,0,,,121.33,
60,8,93,3,1,1,2,,,121.33,
60,8,94,0,1,1,1,,,121.33,
60,8,95,2,1,1,1,,,121.33,
60,8,96,3,3,3,2,,,121.33,
60,8,97,0,3,3,3,,,121.33,
60,8,98,3,4,4,2,,,121.33,
60,8,99,3,4,4,1,,,121.33,
60,9,0,1,1,1,0,,,121.33,
60,9,1,4,1,1,4,,,121.33,
60,9,2,4,2,2,1,,,121.33,
60,9,3,1,4,4,4,,,121.33,
60,9,4,4,1,1,0,,,121.33,
60,9,5,1,2,2,1,,,121.33,
60,9,6,4,4,4,2,,,121.33,
60,9,7,2,0,0,2,,,121.33,
60,9,8,4,4,4,2,,,121.33,
60,9,9,0,3,3,2,,,121.33,
60,9,10,2,3,3,1,,,121.33,
60,9,11,1,1,1,0,,,121.33,
60,9,12,4,1,1,0,,,121.33,
60,9,13,4,1,1,1,,,121.33,
60,9,14,1,1,1,0,,,121.33,
60,9,15,1,0,0,3,,,121.33,
60,9,16,2,2,2,0,,,121.33,
60,9,17,2,4,4,3,,,121.33,
60,9,18,3,1,1,3,,,121.33,
60,9,19,3,4,4,3,,,121.33,
60,9,20,4,0,0,2,,,121.33,
60,9,21,1,2,2,3,,,121.33,
60,9,22,2,3,3,4,,,121.33,
60,9,23,0,1,1,0,,,121.33,
60,9,24,4,4,4,1,,,121.33,
60,9,25,2,3,3,4,,,121.33,
60,9,26,2,3,3,1,,,121.33,
60,9,27,0,2,2,0,,,121.33,
60,9,28,1,1,1,4,,,121.33,
60,9,29,0,3,3,1,,,121.33,
60,9,30,2,1,1,3,,,121.33,
60,9,31,2,1,1,3,,,121.33,
60,9,32,2,2,2,4,,,121.33,
60,9,33,0,4,4,4,,,121.33,
60,9,34,4,0,0,3,,,121.33,
60,9,35,4,4,4,0,,,121.33,
60,9,36,1,2,2,0,,,121.33,
60,9,37,0,2,2,4,,,121.33,
60,9,38,4,2,2,0,,,121.33,
60,9,39,2,3,3,3,,,121.33,
60,9,40,3,1,1,2,,,121.33,
60,9,41,0,3,3,1,,,121.33,
60,9,42,2,4,4,3,,,121.33,
60,9,43,4,0,0,4,,,121.33,
60,9,44,0,0,0,1,,,121.33,
60,9,45,1,0,0,4,,,121.33,
60,9,46,2,4,4,2,,,121.33,
60,9,47,0,4,4,1,,,121.33,
60,9,48,4,3,3,0,,,121.33,
60,9,49,1,1,1,4,,,121.33,
60,9,50,2,3,3,2,,,121.33,
60,9,51,3,2,2,0,,,121.33,
60,9,52,2,2,2,1,,,121.33,
60,9,53,0,2,2,2,,,121.33,
60,9,54,3,0,0,0,,,121.33,
60,9,55,3,0,0,0,,,121.33,
60,9,56,2,3,3,2,,,121.33,
60,9,57,3,3,3,3,,,121.33,
60,9,58,4,3,3,0,,,121.33,
60,9,59,2,3,3,1,,,121.33,
60,9,60,2,2,2,3,,,121.33,
60,9,61,2,3,3,2,,,121.33,
60,9,62,0,3,3,4,,,121.33,
60,9,63,3,1,1,2,,,121.33,
60,9,64,4,1,1,0,,,121.33,
60,9,65,4,4,4,2,,,121.33,
60,9,66,0,1,1,1,,,121.33,
60,9,67,2,4,4,2,,,121.33,
60,9,68,3,2,2,0,,,121.33,
60,9,69,0,0,0,2,,,121.33,
60,9,70,3,1,1,4,,,121.33,
60,9,71,0,3,3,2,,,121.33,
60,9,72,2,3,3,3,,,121.33,
60,9,73,4,0,0,3,,,121.33,
60,9,74,2,4,4,2,,,121.33,
60,9,75,0,1,1,3,,,121.33,
60,9,76,0,2,2,1,,,121.33,
60,9,77,3,0,0,2,,,121.33,
60,9,78,2,4,4,0,,,121.33,
60,9,79,3,2,2,4,,,121.33,
60,9,80,1,1,1,3,,,121.33,
60,9,81,0,3,3,1,,,121.33,
60,9,82,3,2,2,2,,,121.33,
60,9,83,1,1,1,0,,,121.33,
60,9,84,1,3,3,1,,,121.33,
60,9,85,4,3,3,2,,,121.33,
60,9,86,4,0,0,4,,,121.33,
60,9,87,4,4,4,3,,,121.33,
60,9,88,0,1,1,0,,,121.33,
60,9,89,1,2,2,1,,,121.33,
60,9,90,0,0,0,3,,,121.33,
60,9,91,2,2,2,3,,,121.33,
60,9,92,4,2,2,1,,,121.33,
60,9,93,2,2,2,4,,,121.33,
60,9,94,1,2,2,1,,,121.33,
60,9,95,1,4,4,3,,,121.33,
60,9,96,4,2,2,3,,,121.33,
60,9,97,1,3,3,0,,,121.33,
60,9,98,1,3,3,3,,,121.33,
60,9,99,3,3,3,4,,,121.33,
60,10,0,3,1,1,4,,,121.33,
60,10,1,0,4,4,2,,,121.33,
60,10,2,0,3,3,1,,,121.33,
60,10,3,0,3,3,4,,,121.33,
60,10,4,3,0,0,2,,,121.33,
60,10,5,0,4,4,0,,,121.33,
60,10,6,4,1,1,0,,,121.33,
60,10,7,0,3,3,1,,,121.33,
60,10,8,1,4,4,1,,,121.33,
60,10,9,3,1,1,3,,,121.33,
60,10,10,4,0,0,0,,,121.33,
60,10,11,2,3,3,3,,,121.33,
60,10,12,3,1,1,1,,,121.33,
60,10,13,4,3,3,2,,,121.33,
60,10,14,4,3,3,2,,,121.33,
60,10,15,0,0,0,2,,,121.33,
60,10,16,4,2,2,0,,,121.33,
60,10,17,3,1,1,0,,,121.33,
60,10,18,3,2,2,3,,,121.33,
60,10,19,2,1,1,3,,,121.33,
60,10,20,2,3,3,2,,,121.33,
60,10,21,2,2,2,2,,,121.33,
60,10,22,2,2,2,3,,,121.33,
60,10,23,2,1,1,4,,,121.33,
60,10,24,3,4,4,4,,,121.33,
60,10,25,1,3,3,4,,,121.33,
60,10,26,4,0,0,0,,,121.33,
60,10,27,2,2,2,2,,,121.33,
60,10,28,4,3,3,4,,,121.33,
60,10,29,4,4,4,0,,,121.33,
60,10,30,4,3,3,3,,,121.33,
60,10,31,4,3,3,3,,,121.33,
60,10,32,0,0,0,2,,,121.33,
60,10,33,0,1,1,3,,,121.33,
60,10,34,3,0,0,4,,,121.33,
60,10,35,4,2,2,3,,,121.33,
60,10,36,3,1,1,0,,,121.33,
60,10,37,4,1,1,2,,,121.33,
60,10,38,1,2,2,0,,,121.33,
60,10,39,0,0,0,2,,,121.33,
60,10,40,4,2,2,4,,,121.33,
60,10,41,4,1,1,4,,,121.33,
60,10,42,2,4,4,3,,,121.33,
60,10,43,3,2,2,1,,,121.33,
60,10,44,1,4,4,3,,,121.33,
60,10,45,0,0,0,3,,,121.33,
60,10,46,2,1,1,3,,,121.33,
60,10,47,1,0,0,2,,,121.33,
60,10,48,2,3,3,3,,,121.33,
60,10,49,0,0,0,0,,,121.33,
60,10,50,1,0,0,2,,,121.33,
60,10,51,0,4,4,4,,,121.33,
60,10,52,1,0,0,3,,,121.33,
60,10,53,3,1,1,1,,,121.33,
60,10,54,1,0,0,2,,,121.33,
60,10,55,2,3,3,4,,,121.33,
60,10,56,1,2,2,3,,,121.33,
60,10,57,2,1,1,1,,,121.33,
60,10,58,1,0,0,1,,,121.33,
60,10,59,1,1,1,3,,,121.33,
60,10,60,3,1,1,1,,,121.33,
60,10,61,0,2,2,1,,,121.33,
60,10,62,0,1,1,3,,,121.33,
60,10,63,3,0,0,4,,,121.33,
60,10,64,3,2,2,3,,,121.33,
60,10,65,4,4,4,2,,,121.33,
60,10,66,2,2,2,4,,,121.33,
60,10,67,3,3,3,2,,,121.33,
60,10,68,1,2,2,2,,,121.33,
60,10,69,4,0,0,1,,,121.33,
60,10,70,2,1,1,2,,,121.33,
60,10,71,1,0,0,4,,,121.33,
60,10,72,0,2,2,4,,,121.33,
60,10,73,0,4,4,1,,,121.33,
60,10,74,1,2,2,4,,,121.33,
60,10,75,4,3,3,1,,,121.33,
60,10,76,2,0,0,2,,,121.33,
60,10,77,0,4,4,3,,,121.33,
60,10,78,0,0,0,0,,,121.33,
60,10,79,3,0,0,2,,,121.33,
60,10,80,1,2,2,3,,,121.33,
60,10,81,3,0,0,3,,,121.33,
60,10,82,3,2,2,4,,,121.33,
60,10,83,2,2,2,0,,,121.33,
60,10,84,4,4,4,3,,,121.33,
60,10,85,2,0,0,3,,,121.33,
60,10,86,2,4,4,3,,,121.33,
60,10,87,0,4,4,1,,,121.33,
60,10,88,4,1,1,2,,,121.33,
60,10,89,4,2,2,2,,,121.33,
60,10,90,3,4,4,2,,,121.33,
60,10,91,0,1,1,0,,,121.33,
60,10,92,2,0,0,1,,,121.33,
60,10,93,4,3,3,4,,,121.33,
60,10,94,2,0,0,2,,,121.33,
60,10,95,4,0,0,3,,,121.33,
60,10,96,1,1,1,0,,,121.33,
60,10,97,1,2,2,2,,,121.33,
60,10,98,3,2,2,4,,,121.33,
60,10,99,0,1,1,0,,,121.33,
